Ticker,Cumulative Return,Annualized Return,Annualized Volatility,Sharpe Ratio,Forecast Price (30d),Current Price,Forecast Change (%),Current Market Cap (B),Forecast Market Cap (B)
TXG,-0.9238,-0.4081,0.6912,-0.59,12.25,12.289999961853027,-0.33,1.513316864,1.36088925
MMM,0.068,0.0581,0.2912,0.2,153.09,153.3000030517578,-0.14,81.652187136,81.54032914944
AOS,0.066,0.0544,0.2777,0.2,70.82,70.83000183105469,-0.01,9.925407744,8.0918932
AAON,0.7786,0.2311,0.4123,0.56,80.6,80.5199966430664,0.1,6.551597568,6.558107337599999
ABT,0.1778,0.0653,0.2195,0.3,134.14,134.27999877929688,-0.1,233.708978176,233.46530869248
ABBV,0.9957,0.2004,0.2281,0.88,198.16,198.0500030517578,0.06,349.8672128,350.0615296
ACHC,-0.6956,-0.2117,0.4107,-0.52,19.27,19.239999771118164,0.16,1.776748544,1.779518982
ACN,-0.2087,-0.0222,0.2708,-0.08,238.44,239.1999969482422,-0.32,148.98642944,148.51306741248
AYI,0.7079,0.184,0.3143,0.59,307.25,307.0799865722656,0.06,9.410404352,9.4156148
ADBE,-0.4624,-0.0858,0.3719,-0.23,340.92,341.04998779296875,-0.04,144.673406976,144.618264
ADT,0.0368,0.0859,0.3939,0.22,8.42,8.420000076293945,-0.0,6.905082368,6.44412912
AAP,-0.6878,-0.1511,0.5408,-0.28,58.94,59.08000183105469,-0.24,3.54040448,3.532014864
WMS,0.1356,0.1284,0.436,0.29,131.74,131.41000366210938,0.25,10.217469952,10.243127524
AMD,0.6222,0.2599,0.5274,0.49,172.76,172.75999450683594,0.0,280.361828352,280.36184945664
ACM,0.8902,0.1914,0.2498,0.77,118.41,118.43000030517578,-0.02,15.685579776,15.66576141
AES,-0.3909,-0.0516,0.3836,-0.13,13.15,13.119999885559082,0.23,9.34209536,9.363457289600001
AMG,0.2407,0.1053,0.32,0.33,211.33,211.3000030517578,0.01,6.007026688,6.007879437
AFRM,0.0709,0.5329,1.0315,0.52,73.32,72.33000183105469,1.37,23.333658624,20.66348114688
AFL,0.9801,0.1956,0.2167,0.9,103.06,103.5199966430664,-0.44,55.365705728,55.11968368448
AGCO,-0.1227,0.0309,0.3577,0.09,109.96,109.5999984741211,0.33,8.178373632,8.205237192
A,-0.255,-0.0302,0.2966,-0.1,114.6,114.62000274658203,-0.02,32.559529984,32.553848083199995
ADC,0.1779,0.0603,0.1953,0.31,73.4,73.31999969482422,0.11,8.139546624,8.1228844
AGNC,0.0059,0.038,0.2701,0.14,9.44,9.449999809265137,-0.11,9.844347904,9.833931048959998
AL,0.3755,0.1412,0.3485,0.41,55.54,55.52000045776367,0.04,6.205192704,6.2074281
APD,0.149,0.0701,0.2635,0.27,288.99,288.739990234375,0.09,64.26023936,64.31588046
ABNB,-0.1993,0.0537,0.4684,0.11,121.75,121.0199966430664,0.6,74.092806144,52.24049
AKAM,-0.3986,-0.0792,0.3078,-0.26,70.65,70.52999877929688,0.17,10.085789696,10.10295
ALK,-0.1074,0.053,0.4048,0.13,52.21,52.279998779296875,-0.13,6.028406784,6.0203351
ALB,-0.6659,-0.1317,0.5352,-0.25,75.01,75.4800033569336,-0.62,8.8827136,8.82740183
ACI,-0.0299,0.034,0.2887,0.12,19.67,19.709999084472656,-0.2,11.034564608,11.01217113472
AA,-0.3047,0.0662,0.5617,0.12,30.11,30.170000076293945,-0.2,7.811465728,7.79593089088
ARE,-0.573,-0.1689,0.3009,-0.56,74.09,74.20999908447266,-0.16,12.66920448,12.64871829728
ALGN,-0.8014,-0.2647,0.521,-0.51,140.18,139.8800048828125,0.21,10.139398144,10.161143552
ALLE,0.2674,0.0947,0.2654,0.36,163.85,163.72000122070312,0.08,14.054788096,14.065948369600001
ALGM,0.0552,0.1352,0.4957,0.27,30.81,30.770000457763672,0.13,5.69368064,5.7010824
LNT,0.2354,0.0745,0.2063,0.36,65.66,65.63999938964844,0.03,16.867444736,16.86647816
ALSN,1.3853,0.2626,0.2958,0.89,87.78,87.7300033569336,0.06,7.335693824,7.33987427712
ALL,0.69,0.1665,0.2612,0.64,206.69,206.8000030517578,-0.05,54.492831744,54.46384679648
ALLY,-0.2072,0.0222,0.4023,0.06,37.48,37.47999954223633,0.0,11.536644096,11.536643839999998
ALNY,1.1846,0.3215,0.5184,0.62,439.43,438.92999267578125,0.11,57.53450496,57.60004497
GOOGL,0.4769,0.1493,0.3197,0.47,200.26,201.4199981689453,-0.58,2439.619280896,1164.9124071833598
GOOG,0.469,0.1478,0.3192,0.46,200.98,202.08999633789062,-0.55,2440.394964992,1091.32142572544
MO,0.8385,0.1741,0.2026,0.86,64.04,64.19000244140625,-0.23,107.832147968,107.58015867392001
AMZN,0.3482,0.1432,0.3689,0.39,222.7,222.69000244140625,0.0,2374.966444032,2375.0731373567996
AMCR,-0.0342,0.0185,0.2337,0.08,9.64,9.670000076293945,-0.31,22.157258752,22.08851790848
DOX,0.266,0.078,0.1932,0.4,89.11,89.41000366210938,-0.34,9.944091648,9.91072509
AMED,-0.4493,-0.0979,0.3237,-0.3,101.28,100.94000244140625,0.34,3.319583488,3.330764976
AMTM,-0.1484,0.0437,0.6826,0.06,25.2,25.1299991607666,0.28,6.114857472,6.1318905984
AS,1.7761,0.8166,0.5311,1.54,37.35,37.20000076293945,0.4,20.630042624,20.713227148799998
AEE,0.2983,0.0858,0.1999,0.43,101.44,101.38999938964844,0.05,27.416868864,27.430388776959997
AAL,-0.4312,-0.026,0.4832,-0.05,11.62,11.619999885559082,0.0,7.6672128,7.667212887039999
AEP,0.4684,0.1177,0.2048,0.57,112.51,112.5,0.01,60.164440064,60.16978635008
AXP,0.8557,0.2011,0.3018,0.67,297.67,297.42999267578125,0.08,206.976172032,207.14319017728
AFG,0.3593,0.1053,0.2364,0.45,128.63,129.33999633789062,-0.55,10.786243584,10.72703402048
AMH,-0.0731,0.0072,0.2298,0.03,34.49,34.41999816894531,0.2,14.535117824,12.77078502592
AIG,0.5868,0.1514,0.265,0.57,78.12,78.12999725341797,-0.01,43.284328448,43.278789980160006
AMT,-0.1699,-0.01,0.2717,-0.04,206.69,206.50999450683594,0.09,96.698515456,96.78280084352001
AWK,-0.1168,-0.0043,0.2327,-0.02,145.32,145.36000061035156,-0.03,28.359591936,28.351787842559997
COLD,-0.5503,-0.1565,0.2994,-0.52,14.48,14.529999732971191,-0.34,4.151700224,4.12387527168
AMP,0.9649,0.2103,0.2838,0.74,504.9,504.9599914550781,-0.01,47.60338432,47.59773084
AME,0.3619,0.1013,0.2169,0.47,182.21,182.0800018310547,0.07,42.052104192,42.08212834
AMGN,0.4356,0.1181,0.2333,0.51,288.37,288.2300109863281,0.05,155.172077568,155.24744532608003
AMKR,-0.0619,0.1045,0.4905,0.21,23.18,23.1299991607666,0.22,5.716417536,5.72877492544
APH,2.0924,0.3225,0.2757,1.17,110.08,109.9800033569336,0.09,134.27679232,134.39888064512
ADI,0.4267,0.145,0.3347,0.43,223.68,223.9499969482422,-0.12,111.142182912,111.00075264
ANGI,-0.8253,-0.1774,0.7235,-0.25,17.88,18.170000076293945,-1.6,0.805697792,0.792838536
AU,3.0134,0.4582,0.4665,0.98,56.9,57.41999816894531,-0.91,28.982398976,28.7199336
NLY,0.0323,0.044,0.2683,0.16,20.59,20.600000381469727,-0.05,13.226766336,13.220345498879999
ANSS,0.0299,0.0581,0.3202,0.18,375.11,,,32.906993664,32.97820677056
AM,1.6509,0.2835,0.2756,1.03,18.45,18.440000534057617,0.05,8.821899264,8.8266830976
AR,1.4322,0.349,0.4998,0.7,32.79,32.810001373291016,-0.06,10.136027136,10.12984775232
AON,0.3743,0.1056,0.2257,0.47,366.54,366.3999938964844,0.04,79.00573696,79.03592351232001
APA,0.189,0.1646,0.4904,0.34,19.95,20.010000228881836,-0.3,7.159297536,7.1378303808000005
APG,1.3273,0.2673,0.3307,0.81,34.46,34.459999084472656,0.0,14.331500544,14.33150048
APLS,-0.5648,0.045,0.6977,0.06,24.43,24.3700008392334,0.25,3.077687296,3.0852647
APO,1.6301,0.3152,0.3778,0.83,142.31,141.97000122070312,0.24,81.210671104,81.40516350848
APPF,1.1027,0.2827,0.4417,0.64,287.3,283.3599853515625,1.39,10.159305728,6.57103941
AAPL,0.5717,0.155,0.2879,0.54,227.27,229.35000610351562,-0.91,3403.645714432,3372.77767890944
AMAT,0.4813,0.1905,0.4281,0.45,184.51,184.8699951171875,-0.19,148.357791744,148.06890302784
APP,7.0053,0.828,0.7967,1.04,449.09,455.9800109863281,-1.51,154.235224064,138.15625124
ATR,0.1161,0.0522,0.2208,0.24,140.66,140.75,-0.06,9.272680448,9.26675113
APTV,-0.5982,-0.1479,0.4024,-0.37,67.05,66.9000015258789,0.22,14.568143872,14.600808
ARMK,0.6461,0.1694,0.2965,0.57,39.7,39.619998931884766,0.2,10.4141568,10.4351850176
ACGL,1.2424,0.2356,0.2538,0.93,88.89,88.83000183105469,0.07,33.153132544,33.1755258
ADM,0.0444,0.0543,0.289,0.19,57.68,57.84000015258789,-0.28,27.790036992,27.71316352
ARES,1.9543,0.3394,0.3638,0.93,188.69,188.42999267578125,0.14,61.537087488,40.56344406
ANET,5.068,0.5646,0.4703,1.2,136.94,139.17999267578125,-1.61,174.931165184,172.11577999104
AWI,0.763,0.1779,0.266,0.67,188.13,188.27999877929688,-0.08,8.144672768,8.138183979
ARW,0.0264,0.0466,0.282,0.17,121.03,120.88999938964844,0.12,6.22604032,6.233250751
AJG,1.1311,0.2145,0.2183,0.98,289.0,289.44000244140625,-0.15,74.201710592,74.088909312
ASH,-0.3477,-0.0634,0.2973,-0.21,52.08,52.040000915527344,0.08,2.378540288,2.38036848
AIZ,0.3132,0.1021,0.2591,0.39,202.65,203.27000427246094,-0.31,10.306256896,10.274821095
AGO,0.7475,0.1805,0.2822,0.64,81.97,81.88999938964844,0.1,4.012610048,4.01653
ALAB,1.8902,1.1876,0.9277,1.28,178.2,179.27999877929688,-0.6,29.799743488,29.620227225599997
ASTS,3.8122,0.948,1.0996,0.86,46.1,46.630001068115234,-1.14,16.219779072,11.914545
T,0.7133,0.166,0.2464,0.67,28.07,28.079999923706055,-0.04,200.782938112,200.7114405632
ATI,2.6502,0.4192,0.4323,0.97,72.73,73.04000091552734,-0.42,10.067249152,10.02452136
TEAM,-0.5028,0.0021,0.5934,0.0,168.36,168.05999755859375,0.18,44.116758528,27.820646853120003
ATO,0.8089,0.1679,0.1933,0.87,163.62,164.2899932861328,-0.41,26.372487168,26.26493688
AUR,-0.374,0.3343,0.9717,0.34,6.12,6.159999847412109,-0.65,11.367232512,9.21696519168
ADSK,-0.1246,0.0313,0.3592,0.09,291.38,290.67999267578125,0.24,62.18952704,62.33929176896
ADP,0.5452,0.133,0.216,0.62,305.72,305.80999755859375,-0.03,123.866202112,123.82974840576001
AN,0.6756,0.2006,0.3754,0.53,195.7,196.22999572753906,-0.27,7.399048192,7.3790642
AZO,1.4748,0.257,0.2397,1.07,4029.15,4035.159912109375,-0.15,67.50298112,67.402441605
AVB,-0.0397,0.0159,0.2286,0.07,186.53,186.77999877929688,-0.13,26.594297856,26.55870248224
AVTR,-0.7016,-0.2325,0.3766,-0.62,11.5,11.5,0.0,7.839998464,7.839998592
AVY,-0.1555,-0.0113,0.2499,-0.05,170.55,170.80999755859375,-0.15,13.320037376,13.29976188
CAR,0.8143,0.4426,0.8409,0.53,154.47,153.7100067138672,0.49,5.409593344,5.436339945
AVT,0.3775,0.1202,0.282,0.43,51.94,51.970001220703125,-0.06,4.358063616,4.3555479542399995
AXTA,-0.0987,0.02,0.3043,0.07,28.4,28.389999389648438,0.04,6.148535808,6.1507016
AXS,1.0408,0.2121,0.2549,0.83,96.25,96.47000122070312,-0.23,7.541445632,7.5242475
AXON,3.5186,0.4871,0.4685,1.04,839.18,842.5,-0.39,66.1399552,65.87932239199999
AZEK,0.3337,0.1799,0.4599,0.39,54.17,,,7.818464768,7.79257118
AZTA,-0.6489,-0.1399,0.4963,-0.28,29.11,29.030000686645508,0.28,1.330726528,1.334393667
BKR,1.2393,0.2659,0.3547,0.75,43.34,43.290000915527344,0.12,42.67870208,42.727994819840006
BALL,-0.364,-0.064,0.3148,-0.2,54.22,54.060001373291016,0.3,14.712375296,14.75591834624
BAC,0.2075,0.086,0.2778,0.31,46.13,46.0099983215332,0.26,340.7937536,341.68259833344
OZK,0.2684,0.1259,0.3637,0.35,47.94,47.9900016784668,-0.1,5.405641728,5.40000954
CG,0.449,0.1773,0.408,0.43,62.26,62.22999954223633,0.05,22.340569088,22.35134
KMX,-0.5751,-0.1247,0.4206,-0.3,54.98,54.959999084472656,0.04,8.247956992,8.25095856
CCL,0.2145,0.211,0.5682,0.37,28.31,28.3700008392334,-0.21,38.46631424,33.04909218816
CARR,0.2469,0.1047,0.3137,0.33,66.0,66.02999877929688,-0.05,56.19304448,56.167516416
CRI,-0.7157,-0.2379,0.3929,-0.61,25.26,25.360000610351562,-0.39,0.92392064,0.920277372
CVNA,-0.0296,0.7035,1.213,0.58,347.82,347.55999755859375,0.07,40.646098944,40.67650554
CASY,1.6837,0.2843,0.2693,1.06,519.34,518.969970703125,0.07,19.295821824,19.30958054
CAT,1.0427,0.223,0.2942,0.76,416.27,416.5199890136719,-0.06,195.130867712,195.01375666016
CAVA,0.9427,0.4838,0.591,0.82,85.3,85.05000305175781,0.29,9.836882944,9.865798
CBOE,1.106,0.2114,0.2184,0.97,252.1,252.5800018310547,-0.19,26.417342464,26.367139
CBRE,0.6255,0.168,0.3029,0.55,155.45,155.39999389648438,0.03,46.23988736,46.25476681279999
CCCS,0.0248,0.0624,0.3353,0.19,9.55,9.520000457763672,0.32,6.199947776,6.2194850208000005
CDW,-0.1374,0.0037,0.2845,0.01,163.39,162.9199981689453,0.29,21.35245824,21.41405679
CE,-0.6827,-0.1951,0.4262,-0.46,47.98,48.04999923706055,-0.15,5.25700608,5.24934786
CELH,1.1256,0.4152,0.6766,0.61,53.11,51.95000076293945,2.23,13.39109888,13.69011116512
COR,1.5362,0.2543,0.1992,1.28,285.48,285.1300048828125,0.12,55.2804352,55.34829144
CNC,-0.5945,-0.1501,0.3712,-0.4,25.59,25.59000015258789,-0.0,12.568093696,12.56809326528
CNP,0.6106,0.141,0.2048,0.69,38.83,38.83000183105469,-0.0,25.350750208,25.350748881919998
CERT,-0.625,-0.0967,0.5502,-0.18,11.01,10.9399995803833,0.64,1.757226496,1.76847024
CF,0.7959,0.2173,0.3735,0.58,81.68,80.91000366210938,0.95,13.105234944,13.229953986560002
CRL,-0.6352,-0.1593,0.4304,-0.37,150.78,148.74000549316406,1.37,7.32012032,7.420517076
SCHW,0.3588,0.1339,0.3359,0.4,97.16,97.08000183105469,0.08,176.39145472,176.53680364544
CHTR,-0.6688,-0.2054,0.3782,-0.54,256.65,256.57000732421875,0.03,35.045154816,35.0560822032
CHE,-0.0332,0.0214,0.2429,0.09,434.09,435.3299865722656,-0.28,6.343497728,6.325429253
CC,-0.5899,-0.0762,0.5421,-0.14,12.13,12.1899995803833,-0.49,1.82481856,1.81583674
LNG,1.7262,0.3017,0.3131,0.96,232.02,230.8300018310547,0.52,50.729046016,50.99057136
CVX,0.7796,0.1783,0.2569,0.69,155.19,155.00999450683594,0.12,312.317247488,312.67991083391996
CMG,0.1037,0.0781,0.327,0.24,41.52,41.439998626708984,0.19,55.566065664,55.67333760000001
CHH,0.0691,0.0556,0.2783,0.2,121.25,120.75,0.41,5.586909184,5.6100435
COIN,0.2107,0.4485,0.9003,0.5,311.07,310.5400085449219,0.17,79.789531136,66.92951261856
CL,0.1814,0.0583,0.1804,0.32,84.62,84.69000244140625,-0.08,68.448239616,68.39166034304
COLB,-0.2073,0.0224,0.3995,0.06,24.07,24.06999969482422,0.0,5.064047616,5.06194487744
COLM,-0.48,-0.1168,0.3079,-0.38,50.75,50.70000076293945,0.1,2.797053184,2.799811525
CMCSA,-0.3977,-0.0919,0.2661,-0.35,31.76,31.670000076293945,0.28,116.932288512,116.96445556736
CMA,0.074,0.1117,0.428,0.26,66.88,66.86000061035156,0.03,8.593181696,8.595752
FIX,8.14,0.6518,0.4333,1.5,692.08,691.760009765625,0.05,24.406331392,24.41762052
CBSH,0.0555,0.0446,0.2495,0.18,60.46,60.459999084472656,0.0,8.067721728,8.06772194
CAG,-0.3135,-0.0698,0.2224,-0.31,19.2,19.25,-0.26,9.214860288,9.190925107199998
CNXC,-0.6973,-0.2002,0.4559,-0.44,47.11,47.09000015258789,0.04,2.967852032,2.969112461
CFLT,-0.6984,0.0236,0.7936,0.03,16.39,16.329999923706055,0.37,5.629669376,4.78474922112
COP,0.8902,0.2161,0.3334,0.65,93.92,93.91000366210938,0.01,117.287960576,117.30044780544
ED,0.5587,0.1303,0.1927,0.68,104.46,104.4800033569336,-0.02,37.680922624,37.67370792
STZ,-0.1415,-0.0103,0.2347,-0.04,170.75,170.60000610351562,0.09,30.080362496,30.0974195
CEG,7.2487,0.719,0.4969,1.45,334.52,335.7650146484375,-0.37,104.895012864,104.50606047231999
COO,-0.361,-0.0711,0.2885,-0.25,70.42,70.29000091552734,0.18,14.023768064,14.04970489664
CPRT,0.307,0.1025,0.2651,0.39,46.2,46.189998626708984,0.02,44.657942528,44.6724432
CNM,1.3343,0.2893,0.389,0.74,64.04,63.959999084472656,0.13,12.608243712,12.145442160000002
GLW,0.8342,0.1939,0.288,0.67,65.94,65.7699966430664,0.26,56.339828736,56.48545738751999
CPAY,0.1649,0.0875,0.3132,0.28,302.56,301.70001220703125,0.29,21.304365056,21.365092864
CTVA,0.6046,0.1564,0.2746,0.57,70.86,70.91000366210938,-0.07,48.154984448,48.121028267519996
CSGP,0.1254,0.0861,0.336,0.26,94.51,94.5,0.01,40.034922496,40.03915998784
COST,1.3108,0.2391,0.2368,1.01,982.5,980.97998046875,0.15,435.04205824,435.71614464
CTRA,0.8654,0.2185,0.3504,0.62,24.02,24.020000457763672,-0.0,18.330621952,18.33062203136
COTY,-0.4323,-0.051,0.4289,-0.12,4.74,4.739999771118164,0.0,4.134654208,4.13465452416
CPNG,-0.1846,0.0922,0.5368,0.17,27.88,27.829999923706055,0.18,50.736037888,46.427449692159996
CUZ,-0.1784,-0.0058,0.2959,-0.02,26.7,26.700000762939453,-0.0,4.485412864,4.4847456
CR,1.7329,0.4816,0.329,1.46,194.05,193.9600067138672,0.05,11.161778176,11.16695654
CXT,0.7724,0.1923,0.3109,0.62,60.23,60.59000015258789,-0.59,3.478968832,3.458298186
CACC,-0.1695,0.0404,0.4178,0.1,461.53,463.1700134277344,-0.35,5.204965888,5.186535681
CRH,1.3238,0.2602,0.3101,0.84,108.76,109.30000305175781,-0.49,73.4783488,73.11532126976002
CROX,-0.4778,0.0049,0.577,0.01,73.35,75.23999786376953,-2.51,4.2190528,4.1130719099999995
CRWD,0.7268,0.2727,0.5194,0.53,426.18,424.489990234375,0.4,105.80328448,106.22451264
CCI,-0.3441,-0.0704,0.2677,-0.26,104.51,104.5,0.01,45.506617344,45.51097137216
CCK,-0.021,0.0393,0.2972,0.13,101.28,101.4800033569336,-0.2,11.809837056,11.78656128
CSX,0.0954,0.0506,0.2356,0.21,35.43,35.43000030517578,-0.0,66.051444736,66.05144266751999
CUBE,-0.0883,0.0114,0.2633,0.04,38.82,38.83000183105469,-0.03,8.901001216,8.852319010559999
CMI,0.7909,0.1821,0.2665,0.68,386.24,387.0299987792969,-0.2,53.327314944,53.21846464
CW,2.9676,0.3825,0.2656,1.44,477.51,472.42999267578125,1.08,17.80026368,17.991669531
CVS,-0.1193,0.0134,0.3003,0.04,65.49,65.54000091552734,-0.08,83.126345728,83.06293065215999
DHI,0.6729,0.1929,0.3571,0.54,156.3,156.5,-0.13,46.656405504,46.5967812
DHR,-0.2666,-0.0383,0.2821,-0.14,200.35,200.55999755859375,-0.1,143.611379712,143.4610117888
DRI,0.6257,0.1593,0.2727,0.58,202.47,202.0,0.23,23.552190464,23.60698965
DAR,-0.6039,-0.1487,0.4109,-0.36,30.69,30.6299991607666,0.2,4.845237248,4.85472834
DDOG,0.0048,0.1591,0.5655,0.28,131.16,130.91000366210938,0.19,45.654208512,41.905355581440006
DVA,-0.0135,0.0644,0.3602,0.18,129.55,129.5,0.04,9.259249664,9.262825
DAY,-0.5228,-0.0969,0.4237,-0.23,51.3,51.16999816894531,0.25,8.171490304,8.1922504896
DECK,0.4182,0.1862,0.442,0.42,101.82,101.68000030517578,0.14,15.083516928,15.10428507456
DE,0.3959,0.1269,0.2926,0.43,510.14,510.3699951171875,-0.05,138.2219776,138.15968986112
DAL,0.3563,0.1603,0.4109,0.39,53.72,53.63999938964844,0.15,35.024130048,35.07636484096
DELL,1.9362,0.3783,0.4664,0.81,137.25,137.61000061035156,-0.26,93.07693056,46.757368152
XRAY,-0.7622,-0.2941,0.36,-0.82,12.98,12.960000038146973,0.15,2.585312768,2.58930232
DVN,0.4594,0.1844,0.4216,0.44,33.27,33.279998779296875,-0.03,21.126144,21.119796000000004
DXCM,-0.36,0.0128,0.4855,0.03,78.74,78.86000061035156,-0.15,30.925344768,30.878285329919997
FANG,1.144,0.2664,0.3851,0.69,142.01,142.02999877929688,-0.01,41.115697152,41.10990913216
DKS,1.2001,0.3019,0.4532,0.67,211.05,211.24000549316406,-0.09,16.918823936,11.929031415
DLR,0.2435,0.0995,0.2991,0.33,170.0,169.91000366210938,0.05,59.013480448,57.97849728
ECL,0.2999,0.0964,0.2466,0.39,272.59,272.8699951171875,-0.1,77.392748544,77.31333656928
EIX,0.132,0.0647,0.2577,0.25,53.67,53.77000045776367,-0.19,20.692523008,20.65403992128
EW,-0.299,-0.0259,0.3453,-0.08,78.36,78.3499984741211,0.01,45.99928832,46.005158507519994
ELAN,-0.4473,-0.0439,0.4645,-0.09,16.77,16.670000076293945,0.6,8.281889792,8.331571048319999
ESTC,-0.5149,0.0011,0.6097,0.0,74.73,74.51000213623047,0.3,7.863413248,7.88663055
EA,0.2333,0.0839,0.2473,0.34,167.26,167.63999938964844,-0.23,41.941200896,41.84962415808
ESI,0.0449,0.0648,0.3288,0.2,23.9,23.899999618530273,0.0,5.774646272,5.774646108799999
ELV,-0.1584,-0.0035,0.2804,-0.01,291.95,293.989990234375,-0.69,66.200076288,65.7407171
EME,4.1999,0.4674,0.3216,1.45,618.81,618.219970703125,0.1,27.67412224,27.700534601999998
EMR,0.3803,0.1162,0.2652,0.44,132.77,132.74000549316406,0.02,74.706075648,74.722956
EHC,0.9783,0.2062,0.263,0.78,117.15,117.58000183105469,-0.37,11.84312832,11.7998166
ENOV,-0.6689,-0.2149,0.3555,-0.6,28.53,28.440000534057617,0.32,1.625624704,1.629722043
ENPH,-0.8211,-0.2035,0.6738,-0.3,32.46,32.439998626708984,0.06,4.241562368,4.24417746
ENTG,-0.3448,0.0231,0.5091,0.05,73.09,73.13999938964844,-0.07,11.073395712,11.065826
ETR,0.9219,0.191,0.2309,0.83,90.46,90.47000122070312,-0.01,40.38662144,40.38215741632
NVST,-0.4943,-0.1079,0.3578,-0.3,20.25,20.239999771118164,0.05,3.363523584,3.3651855
EOG,1.039,0.2368,0.3386,0.7,116.26,116.27999877929688,-0.02,63.488069632,63.45319755008
EPAM,-0.7375,-0.1623,0.5679,-0.29,158.38,158.0,0.24,8.800110592,8.821275022
EPR,0.4333,0.1251,0.2625,0.48,53.92,53.849998474121094,0.13,4.09887872,4.104207072
EQT,1.9051,0.3675,0.4448,0.83,51.27,51.290000915527344,-0.04,32.0078848,31.995403620480005
EFX,-0.0499,0.0417,0.3306,0.13,239.89,239.80999755859375,0.03,29.543872512,29.55372833
EQIX,0.0316,0.0488,0.2867,0.17,776.13,776.2000122070312,-0.01,75.96204032,75.95518632
EQH,0.7795,0.1995,0.3298,0.6,51.82,51.97999954223633,-0.31,15.68236544,15.634094
ELS,-0.1857,-0.0251,0.2312,-0.11,60.32,60.150001525878906,0.28,12.204073984,11.6894128
EQR,-0.1026,-0.0004,0.2319,-0.0,63.19,63.20000076293945,-0.02,24.873117696,24.13213360896
ESAB,1.2479,0.3078,0.3615,0.85,113.37,111.12999725341797,2.02,6.7454464,6.881411619
WTRG,-0.1097,-0.0038,0.2259,-0.02,38.77,38.779998779296875,-0.03,10.876587008,10.87378281984
ESS,-0.0683,0.013,0.2478,0.05,254.44,254.58999633789062,-0.06,17.58414848,16.38695376
EL,-0.7051,-0.2127,0.4296,-0.49,90.69,90.69000244140625,-0.0,32.62590976,21.2405049
ETSY,-0.6848,-0.1376,0.5529,-0.25,60.54,60.90999984741211,-0.61,6.036704768,6.000034644
HHH,-0.1937,-0.0043,0.3159,-0.01,70.9,71.08999633789062,-0.27,4.222831104,4.2115450800000005
HWM,4.5997,0.4855,0.3227,1.5,180.59,180.75,-0.09,72.865030144,72.80052722944001
HPQ,-0.0167,0.0562,0.3481,0.16,26.05,26.110000610351562,-0.23,24.524419072,24.4680622752
HUBB,1.1732,0.2385,0.2937,0.81,420.15,418.6499938964844,0.36,22.247061504,22.326771
HUBS,-0.3242,0.0398,0.5267,0.08,452.3,449.7200012207031,0.57,23.69714176,23.83308913
HUM,-0.3189,-0.0348,0.3475,-0.1,266.55,266.67999267578125,-0.05,32.074135552,32.0585016
HBAN,0.2628,0.1112,0.3228,0.34,16.09,16.09000015258789,-0.0,23.58617088,23.58617087232
HII,0.3986,0.1334,0.3054,0.44,264.94,264.69000244140625,0.09,10.386594816,10.396404564
HUN,-0.5728,-0.1526,0.351,-0.43,9.45,9.460000038146973,-0.11,1.643693952,1.6419563999999998
H,0.8932,0.2199,0.3444,0.64,135.89,135.86000061035156,0.02,12.972592128,5.699729392999999
IAC,-0.6759,-0.1964,0.4159,-0.47,34.43,34.16999816894531,0.76,2.73897472,2.560483354
IBM,1.0904,0.2131,0.2344,0.91,242.06,242.27000427246094,-0.09,225.67911424,225.48348333056
IDA,0.3238,0.0902,0.1978,0.46,124.56,124.58000183105469,-0.02,6.731418624,6.730338024
IEX,-0.2656,-0.0479,0.2432,-0.2,158.28,158.25999450683594,0.01,11.91496704,11.91647321088
IDXX,-0.0261,0.0585,0.3657,0.16,657.87,658.0599975585938,-0.03,52.64789504,52.63269462048
ITW,0.2127,0.0713,0.2134,0.33,256.9,256.989990234375,-0.04,74.912579584,74.88635
ILMN,-0.8096,-0.3133,0.4572,-0.69,94.66,94.55999755859375,0.11,14.96884736,14.984678
INCY,0.0753,0.0611,0.2927,0.21,78.36,78.38999938964844,-0.04,15.307685888,15.30182736
INFA,-0.1493,0.0696,0.4696,0.15,24.68,24.670000076293945,0.04,7.515567616,6.43145992
IR,0.4659,0.1406,0.2969,0.47,75.98,75.88999938964844,0.12,30.162706432,30.19847833216
INGM,-0.2316,-0.2513,0.4191,-0.6,18.64,18.760000228881836,-0.64,4.405673472,4.37749216
INGR,0.6165,0.1454,0.222,0.65,126.24,126.23999786376953,0.0,8.118620672,8.11862064
INSP,-0.5879,-0.0474,0.579,-0.08,83.3,79.13999938964844,5.26,2.340510208,2.46353919
PODD,0.0915,0.1164,0.4392,0.27,305.14,307.1000061035156,-0.64,21.617534976,21.47956622944
INTC,-0.5954,-0.1223,0.4568,-0.27,19.9,19.950000762939453,-0.25,87.32114944,87.1022987264
IBKR,3.4019,0.4312,0.3407,1.27,65.9,65.91000366210938,-0.02,112.03514368,29.3417778272
ICE,0.6644,0.1502,0.209,0.72,186.25,186.39999389648438,-0.08,106.699636736,106.61377928
IFF,-0.5453,-0.1471,0.3154,-0.47,63.23,63.560001373291016,-0.52,16.28960256,16.205027515839998
IP,-0.0013,0.0471,0.3083,0.15,47.58,47.54999923706055,0.06,25.105545216,25.121384321279997
IPG,-0.2256,-0.0221,0.2896,-0.08,24.85,24.90999984741211,-0.24,9.123685376,9.101709702399999
INTU,0.4308,0.1537,0.3568,0.43,750.97,749.0,0.26,208.93130752,209.48083459776
ISRG,0.4102,0.1438,0.3388,0.42,470.25,470.0799865722656,0.04,168.512864256,168.573805488
IVZ,-0.0217,0.0645,0.3755,0.17,20.71,20.719999313354492,-0.05,9.240374272,9.23591444
INVH,-0.1407,-0.0099,0.238,-0.04,29.96,29.950000762939453,0.03,18.359590912,18.36571968
IONS,0.0593,0.0998,0.4125,0.24,41.86,41.63999938964844,0.53,6.637041664,6.67210759488
IPGP,-0.5567,-0.1237,0.4008,-0.31,75.33,75.26000213623047,0.09,3.177469696,3.180425067
IQV,-0.2696,-0.0262,0.3271,-0.08,180.06,179.86000061035156,0.11,30.57619968,30.6102
IRDM,-0.4148,-0.0496,0.4113,-0.12,23.84,23.809999465942383,0.13,2.526574336,2.52975776
IRM,1.276,0.25,0.2924,0.85,89.64,90.16000366210938,-0.58,26.62857728,26.47499472
ITT,0.7494,0.1831,0.291,0.63,165.81,165.6699981689453,0.08,12.922259456,12.93318
JBL,2.7713,0.4029,0.3709,1.09,225.0,224.33999633789062,0.29,24.075943936,24.146775
J,0.2978,0.0953,0.2434,0.39,147.76,148.16000366210938,-0.27,17.710454784,17.66263936
JHX,-0.2277,0.0163,0.403,0.04,28.27,28.209999084472656,0.21,16.33906176,16.37381392768
JHG,0.199,0.1008,0.3321,0.3,42.69,42.68000030517578,0.02,6.657184256,6.65874385152
JAZZ,-0.2358,-0.0223,0.3015,-0.07,111.74,111.30000305175781,0.4,6.751324672,6.778014312
JBHT,-0.1636,0.0014,0.3041,0.0,139.68,139.44000244140625,0.17,13.497694208,13.52092566528
JEF,0.9366,0.2251,0.3423,0.66,58.56,58.47999954223633,0.14,12.063254528,12.0797568
JNJ,0.111,0.0413,0.1725,0.24,173.12,173.3300018310547,-0.12,417.437581312,416.93181526016
JCI,0.5776,0.1561,0.2872,0.54,105.59,105.55000305175781,0.04,69.070340096,69.09651468416
JLL,0.1106,0.0879,0.3509,0.25,277.51,278.2099914550781,-0.25,13.181923328,13.148756812
JPM,0.9847,0.2037,0.2496,0.82,288.84,288.760009765625,0.03,794.017857536,794.2377946214399
KRMN,0.5235,1.0794,0.6334,1.7,46.55,45.779998779296875,1.68,6.057700864,6.1595891
KBR,0.3187,0.1095,0.2811,0.39,49.85,49.880001068115234,-0.06,6.426638848,6.4227737
K,0.5191,0.1245,0.1979,0.63,80.08,80.06999969482422,0.01,27.837855744,27.84133287936
KMPR,-0.1792,0.0167,0.3616,0.05,50.23,50.27000045776367,-0.08,3.154080512,3.151570844
KVUE,-0.1435,-0.0344,0.2642,-0.13,21.37,21.34000015258789,0.14,40.95295488,41.010524874240005
KDP,0.1035,0.0433,0.192,0.23,34.28,34.41999816894531,-0.41,46.75749888,46.56732100608
KEY,0.0341,0.0919,0.4049,0.23,17.6,17.610000610351562,-0.06,19.309717504,19.298750873600003
KEYS,-0.0004,0.0487,0.3118,0.16,165.13,164.9600067138672,0.1,28.391100416,28.42035784896
KRC,-0.2944,-0.0252,0.3542,-0.07,37.7,37.810001373291016,-0.29,4.516215808,4.4596838
KMB,0.1705,0.0574,0.1885,0.3,135.94,136.16000366210938,-0.16,45.175164928,45.1021732
KIM,0.1272,0.0661,0.2686,0.25,20.85,20.809999465942383,0.19,14.092531712,14.119620000000001
KMI,0.9583,0.196,0.2307,0.85,27.08,26.889999389648438,0.71,59.7517312,60.1739264
KNSL,1.4149,0.3013,0.3965,0.76,439.17,438.8699951171875,0.07,10.225671168,10.232661
KEX,0.7047,0.188,0.3257,0.58,99.63,99.62000274658203,0.01,5.58868224,5.589243
KKR,1.2367,0.2826,0.3995,0.71,142.88,142.6699981689453,0.15,132.042080256,127.29736546304
KLAC,1.9107,0.3578,0.4212,0.85,913.05,914.7999877929688,-0.19,120.974065664,120.74264505
KNX,-0.1381,0.0131,0.3188,0.04,41.24,41.11000061035156,0.32,6.67223552,6.69333448
KSS,-0.736,-0.1103,0.6752,-0.16,11.13,11.119999885559082,0.09,1.245907072,1.24702746
KHC,-0.108,-0.0047,0.2187,-0.02,27.71,27.760000228881836,-0.18,32.856735744,32.797556
KR,0.888,0.1962,0.2703,0.73,74.07,74.23999786376953,-0.23,49.084219392,48.97182254975999
KD,-0.2469,0.0693,0.5406,0.13,30.29,30.690000534057617,-1.3,7.093809664,7.00135176
LHX,0.2702,0.0885,0.2383,0.37,269.86,269.7200012207031,0.05,50.463264768,50.489458858880006
LH,0.0723,0.046,0.2384,0.19,265.2,265.8500061035156,-0.24,22.092136448,22.03812
LRCX,0.8268,0.2516,0.4474,0.56,101.43,101.75,-0.31,129.094295552,128.68829495424
LAMR,0.2894,0.1022,0.2772,0.37,116.76,115.5,1.09,11.826044928,10.2713772
LW,-0.1599,0.0265,0.366,0.07,51.8,51.54999923706055,0.48,7.183750656,7.218589414399999
LSTR,-0.1507,-0.0076,0.2588,-0.03,127.57,127.08000183105469,0.39,4.403766784,4.420746995
LVS,0.3458,0.1621,0.4193,0.39,52.62,52.630001068115234,-0.02,36.128075776,36.121210321919996
LSCC,0.0357,0.1585,0.5477,0.29,60.96,61.5099983215332,-0.89,8.420472832,8.34518016
LAZ,0.3111,0.1361,0.3695,0.37,51.76,51.79999923706055,-0.08,4.88771328,4.883939024
LEA,-0.3746,-0.0582,0.3454,-0.17,95.85,95.88999938964844,-0.04,5.101933056,5.099804685
LEG,-0.7924,-0.3082,0.4172,-0.74,8.59,8.600000381469727,-0.12,1.164018688,1.16266515872
LDOS,0.9428,0.2006,0.257,0.78,176.78,176.5,0.16,22.644420608,22.68034366
LEN,0.2342,0.1115,0.3422,0.33,120.62,120.8499984741211,-0.19,31.143890944,27.45335324
LULU,-0.5367,-0.1048,0.4196,-0.25,189.17,189.42999267578125,-0.14,22.703374336,21.70328493
LITE,0.4697,0.2304,0.512,0.45,115.93,116.2699966430664,-0.29,8.06913792,8.045542
LYFT,-0.7508,-0.0937,0.7096,-0.13,13.4,13.40999984741211,-0.07,5.452419072,5.3320075072
LYB,-0.3882,-0.0793,0.2975,-0.27,49.3,49.060001373291016,0.49,15.780050944,15.8572464
MTB,0.5041,0.1534,0.3179,0.48,187.15,187.1699981689453,-0.01,29.248866304,29.2457418528
MTSI,0.9671,0.258,0.4197,0.61,123.88,120.94000244140625,2.43,9.006559232,9.225504148479999
M,-0.269,0.0732,0.5572,0.13,12.08,12.079999923706055,0.0,3.280203264,3.2802032
MORN,0.0153,0.048,0.2973,0.16,259.23,258.9200134277344,0.12,10.920650752,10.933725171
MOS,0.027,0.0941,0.4167,0.23,32.09,31.979999542236328,0.34,10.149747712,10.184659506560001
MS,0.5685,0.1556,0.291,0.53,143.36,143.17999267578125,0.13,228.563943424,228.85129781248
MSI,1.0632,0.2086,0.2292,0.91,452.99,453.4100036621094,-0.09,75.539922944,75.46994596
MP,0.9537,0.3955,0.689,0.57,74.79,74.31999969482422,0.63,13.15976704,13.24298991168
COOP,3.5948,0.4445,0.3499,1.27,176.8,177.36000061035156,-0.32,11.349531648,11.31401544
MSA,0.1371,0.0633,0.2496,0.25,174.27,174.17999267578125,0.05,6.817962496,6.821485464
MSM,0.1571,0.0664,0.2436,0.27,86.04,86.0999984741211,-0.07,4.793686528,4.790345832
MSCI,-0.09,0.0266,0.3165,0.08,548.07,546.6799926757812,0.25,42.29400576,42.401545164000005
MUSA,1.542,0.2765,0.2878,0.96,376.64,377.8999938964844,-0.33,7.290597888,7.266289536
NDAQ,0.6159,0.1497,0.2396,0.62,96.87,96.8499984741211,0.02,55.572045824,55.58352242496
NTRA,0.4884,0.2814,0.5988,0.47,152.8,151.9499969482422,0.56,20.854833152,20.8964683776
NFG,0.8912,0.1865,0.2285,0.82,87.75,87.88999938964844,-0.16,7.94205696,7.9294059
NSA,-0.3374,-0.0602,0.2948,-0.2,29.73,29.760000228881836,-0.1,4.378023424,2.28222345
NCNO,-0.5667,-0.0593,0.5515,-0.11,26.31,26.190000534057617,0.46,3.03652096,3.05043402
NTAP,0.4082,0.1376,0.3217,0.43,106.28,106.20999908447266,0.07,21.25251584,21.266522570240003
NFLX,1.3724,0.3259,0.4548,0.72,1216.42,1211.6400146484375,0.39,514.8573696,516.88850438272
NBIX,0.4422,0.1481,0.3306,0.45,124.89,125.01000213623047,-0.1,12.398680064,12.386778034559999
NFE,-0.894,-0.1919,0.817,-0.23,2.73,2.7200000286102295,0.37,0.745818624,0.74856058368
NYT,0.2384,0.1002,0.3047,0.33,57.51,57.4900016784668,0.03,9.360464896,9.31880538
NWL,-0.7732,-0.2298,0.5408,-0.42,4.87,4.880000114440918,-0.2,2.045208064,2.041017
NEU,1.3651,0.2479,0.2494,0.99,735.49,738.1699829101562,-0.36,6.936302592,6.9111200438000004
NEM,0.3523,0.1402,0.3577,0.39,68.74,68.9800033569336,-0.35,75.7710848,75.50745629951999
NWSA,0.2353,0.0918,0.2774,0.33,28.59,28.520000457763672,0.25,16.946071552,10.76150472
NWS,0.4737,0.1376,0.2822,0.49,32.99,32.95000076293945,0.12,16.94605312,6.21901088
NXST,0.4305,0.1503,0.3466,0.43,186.74,186.8000030517578,-0.03,5.662841856,5.6610231
NEE,-0.033,0.0311,0.2806,0.11,72.43,72.41000366210938,0.03,149.113192448,149.15437354112004
NKE,-0.5403,-0.1313,0.3562,-0.37,74.2,74.19000244140625,0.01,109.571211264,88.1510816256
NI,0.9155,0.1849,0.2057,0.9,42.32,42.279998779296875,0.09,19.907749888,19.92658393856
NNN,0.087,0.0417,0.2036,0.21,41.85,41.84000015258789,0.02,7.898638848,7.9005267
NDSN,-0.0257,0.0268,0.2572,0.1,211.16,211.0399932861328,0.06,11.925638144,11.932419324
NSC,0.136,0.0656,0.2596,0.25,280.0,280.0299987792969,-0.01,62.825848832,62.81912
NTRS,0.2143,0.0954,0.3049,0.31,125.56,125.6500015258789,-0.07,23.956553728,23.93939415552
NOC,0.7049,0.1671,0.2557,0.65,581.77,581.1099853515625,0.11,83.20507904,83.29957856416
NCLH,-0.0705,0.152,0.5839,0.26,24.03,24.0,0.13,10.846487552,10.86004591776
NOV,-0.0596,0.0762,0.4288,0.18,11.92,11.899999618530273,0.17,4.419243008,4.42667070464
NRG,2.9905,0.4254,0.3934,1.08,151.86,152.5399932861328,-0.45,29.505964032,29.37443287488
NU,0.1907,0.2405,0.6215,0.39,12.28,12.300000190734863,-0.16,59.34024704,46.3423858176
NUE,0.1795,0.1172,0.3892,0.3,139.02,138.97999572753906,0.03,32.069773312,32.079005132160006
NTNX,0.9399,0.2924,0.5042,0.58,71.6,71.5999984741211,0.0,19.194312704,19.1943126272
NVT,1.7909,0.3203,0.3514,0.91,88.83,88.68000030517578,0.17,14.272780288,14.29692272064
NVDA,8.1981,0.7094,0.5514,1.29,182.17,182.6999969482422,-0.29,4456.467922944,4442.689161953279
NVR,0.4926,0.1397,0.2791,0.5,7853.35,7858.68017578125,-0.07,21.71431936,21.699591385
ORLY,1.5965,0.2665,0.2279,1.17,103.23,103.33000183105469,-0.1,87.71280896,87.62792020416
OXY,0.7299,0.2164,0.398,0.54,44.23,44.31999969482422,-0.2,43.630379008,43.5417812
OGE,0.5011,0.1209,0.1927,0.63,45.36,45.369998931884766,-0.02,9.137291264,9.135277562879999
OKTA,-0.6123,-0.0661,0.5827,-0.11,92.19,91.55000305175781,0.7,16.027932672,15.41075770752
ODFL,0.0545,0.0798,0.3642,0.22,144.46,144.4600067138672,-0.0,30.360870912,30.36086928
ORI,0.9659,0.1941,0.2188,0.89,37.23,37.36000061035156,-0.35,9.282839552,9.2505381
OLN,-0.5799,-0.1281,0.4254,-0.3,18.92,18.920000076293945,-0.0,2.16902656,2.16902664
OLLI,0.5898,0.2203,0.454,0.49,135.34,135.10000610351562,0.18,8.287182848,8.301904474
OHI,0.6077,0.151,0.2518,0.6,39.97,39.95000076293945,0.05,12.11323904,11.79115
OMC,0.1005,0.0618,0.2744,0.23,72.79,72.94000244140625,-0.21,14.130156544,14.101097752320001
ONON,0.3046,0.241,0.5918,0.41,45.81,45.65999984741211,0.33,14.890866688,13.405517363520001
ON,0.0982,0.1672,0.536,0.31,47.3,47.65999984741211,-0.76,19.491700736,19.3444709568
OMF,0.3564,0.1448,0.369,0.39,55.83,55.83000183105469,-0.0,6.636512256,6.6365121
OKE,0.734,0.1799,0.2861,0.63,74.46,74.45999908447266,0.0,46.891634688,46.891634142719994
ONTO,0.414,0.2442,0.5562,0.44,101.66,102.87999725341797,-1.19,5.041490432,4.974874424
ORCL,1.9448,0.3322,0.3481,0.95,250.39,250.0500030517578,0.14,702.347935744,703.3029316812799
OGN,-0.6653,-0.1874,0.4138,-0.45,9.24,9.220000267028809,0.22,2.396886528,2.40208584
OSK,0.1981,0.0997,0.3311,0.3,134.53,134.36000061035156,0.13,8.599079936,8.609960359
OTIS,0.0293,0.0332,0.2268,0.15,87.32,87.47000122070312,-0.17,34.329788416,34.27091769856
OVV,0.7796,0.258,0.4741,0.54,39.91,39.900001525878906,0.03,10.255776768,10.25834635072
OC,0.5745,0.1732,0.343,0.5,143.94,143.8800048828125,0.04,12.032339968,12.037356744
PCAR,1.0889,0.2187,0.2575,0.85,97.35,97.33999633789062,0.01,51.113525248,51.11877782879999
PKG,0.5272,0.1383,0.2517,0.55,196.54,196.42999267578125,0.06,17.674534912,17.684433352
PLTR,6.5115,0.7383,0.6862,1.08,188.66,186.9600067138672,0.91,443.532705792,429.06188556288
PANW,1.7164,0.3446,0.428,0.81,167.6,167.05999755859375,0.32,111.585386496,111.9460736
PK,-0.2646,-0.0041,0.3834,-0.01,10.19,10.170000076293945,0.2,2.033125376,2.03712366
PH,1.6117,0.285,0.2947,0.97,727.29,727.739990234375,-0.06,92.989161472,92.93166162
PSN,1.188,0.2407,0.2961,0.81,77.55,77.61000061035156,-0.08,8.288282624,8.2818747
PAYX,0.3555,0.1044,0.2354,0.44,141.03,141.19000244140625,-0.11,50.862850048,50.80521132
PAYC,-0.5057,-0.0657,0.4582,-0.14,229.82,229.85000610351562,-0.01,12.930579456,12.928891812
PCTY,-0.3057,-0.0072,0.4115,-0.02,176.95,176.94000244140625,0.01,9.760293888,9.76084512
PYPL,-0.7536,-0.2572,0.4321,-0.6,67.75,67.6500015258789,0.15,64.631320576,64.726858416
PEGA,-0.1818,0.0854,0.5289,0.16,51.24,51.220001220703125,0.04,8.762768384,8.76619003008
PENN,-0.7683,-0.2185,0.5465,-0.4,17.01,16.959999084472656,0.29,2.47624448,2.47706424
PAG,1.1103,0.2437,0.3331,0.73,174.32,174.8300018310547,-0.29,11.54654208,11.512859808
PNR,0.3665,0.1205,0.2904,0.41,102.73,102.72000122070312,0.01,16.838992896,16.84063245184
PEN,-0.0815,0.0703,0.4307,0.16,240.32,240.49000549316406,-0.07,9.378893824,9.372263712
PEP,0.0553,0.0301,0.1822,0.17,144.81,145.2100067138672,-0.28,198.804127744,198.25648406784
PFGC,1.0906,0.239,0.3273,0.73,97.06,96.94000244140625,0.12,15.131462656,15.15019323648
PR,1.8959,0.3985,0.511,0.78,13.26,13.260000228881836,-0.0,10.631616512,9.31819958784
PRGO,-0.3752,-0.0632,0.3319,-0.19,22.63,22.549999237060547,0.35,3.102496768,3.11350347104
PSA,0.069,0.0466,0.244,0.19,281.72,281.739990234375,-0.01,49.43212544,49.42861690624
PEG,0.5705,0.1355,0.2088,0.65,87.75,87.68000030517578,0.08,43.759333376,43.79427
PHM,1.3241,0.2746,0.3536,0.78,121.52,121.63999938964844,-0.1,23.999328256,23.97565296
PSTG,1.88,0.3809,0.4832,0.79,58.74,58.58000183105469,0.27,19.14582016,19.19811168
PVH,-0.3576,0.0046,0.4801,0.01,73.12,72.9000015258789,0.3,3.504529152,3.515105072
QGEN,-0.0564,0.0134,0.237,0.06,48.12,48.040000915527344,0.17,10.416705536,10.43405208
QRVO,-0.5318,-0.0927,0.439,-0.21,87.88,88.08999633789062,-0.24,8.16191744,8.14246023552
QCOM,0.094,0.0997,0.3928,0.25,147.4,147.55999755859375,-0.11,159.2172544,159.04460943360002
PWR,2.9537,0.4087,0.353,1.16,386.79,386.1499938964844,0.17,57.538666496,57.63403074
QS,-0.611,0.1198,0.8662,0.14,8.8,8.760000228881836,0.46,4.958352896,4.601863270400001
DGX,0.2944,0.0891,0.2201,0.4,176.56,176.9600067138672,-0.23,19.788197888,19.74346888
QDEL,-0.8083,-0.2694,0.5416,-0.5,23.89,23.90999984741211,-0.08,1.6235008,1.62214284944
QXO,-0.6009,0.6951,1.5856,0.44,19.3,19.280000686645508,0.1,12.924020736,12.9374267456
RAL,-0.0526,-0.3061,0.5269,-0.58,,45.0,,5.084550144,
RL,1.5391,0.3052,0.3755,0.81,287.68,288.260009765625,-0.2,17.461147648,11.13120224
RRC,1.457,0.3378,0.4724,0.72,34.6,34.58000183105469,0.06,8.236645376,8.2414088768
RJF,0.8841,0.2005,0.2864,0.7,164.98,164.9199981689453,0.04,32.882409472,32.894372319999995
RYN,-0.1337,-0.0034,0.2566,-0.01,25.88,26.049999237060547,-0.65,4.085890304,4.00521447296
RBA,1.0274,0.2238,0.3016,0.74,113.83,114.11000061035156,-0.25,21.222520832,21.12673508064
RBC,0.8305,0.2018,0.3152,0.64,398.33,398.07000732421875,0.07,12.564124672,12.572330458
O,0.0247,0.0255,0.1965,0.13,57.48,57.439998626708984,0.07,52.517736448,52.55310134016
RDDT,3.2712,1.439,0.8953,1.61,216.21,215.44000244140625,0.36,40.320888832,29.09883906
RRX,-0.015,0.0704,0.3842,0.18,138.31,139.0,-0.5,9.226013696,9.180215602
REG,0.2721,0.088,0.2343,0.38,72.11,71.91999816894531,0.26,13.136187392,13.09178625312
REGN,-0.0715,0.0279,0.3041,0.09,564.11,563.0,0.2,59.670679552,58.7633387
RF,0.4152,0.1408,0.3263,0.43,24.93,24.920000076293945,0.04,22.236315648,22.24523764224
RGA,0.7089,0.1759,0.2859,0.62,186.15,186.4499969482422,-0.16,12.323188736,12.30336087
RS,0.9151,0.2052,0.2887,0.71,285.04,285.0299987792969,0.0,14.99072512,14.991251240000002
RNR,0.5523,0.152,0.2868,0.53,240.38,240.3699951171875,0.0,11.313302528,11.313773156
RGEN,-0.5634,-0.0741,0.5196,-0.14,111.55,111.43000030517578,0.11,6.26878464,6.27553528
RSG,1.062,0.199,0.1831,1.09,234.92,235.2100067138672,-0.12,73.43632384,73.34578272
RMD,0.0676,0.0697,0.3256,0.21,283.68,283.8999938964844,-0.08,41.627406336,41.59514962944
RVMD,0.4614,0.2825,0.608,0.46,35.14,35.0,0.4,6.542654464,6.56882533888
RVTY,-0.5192,-0.1283,0.3342,-0.38,86.93,86.83999633789062,0.1,10.079778816,10.09022589
REXR,-0.3248,-0.0597,0.2797,-0.21,36.73,36.720001220703125,0.03,8.991039488,8.69296256
REYN,-0.1275,-0.0116,0.2128,-0.05,22.78,22.850000381469727,-0.31,4.8059264,4.79120331776
RH,-0.7088,-0.1113,0.6232,-0.18,215.41,215.0399932861328,0.17,4.028215296,4.035146284
RNG,-0.886,-0.35,0.6303,-0.56,27.88,28.75,-3.03,2.60310272,2.250981016
RITM,0.8487,0.1947,0.2814,0.69,12.26,12.270000457763672,-0.08,6.50668288,6.50137992
RIVN,-0.883,-0.2613,0.7932,-0.33,11.88,11.789999961853027,0.76,14.30633984,14.3690976
RLI,0.414,0.1141,0.2323,0.49,66.62,66.54000091552734,0.12,6.110335488,6.117681556480001
RHI,-0.6297,-0.204,0.3031,-0.67,34.22,34.20000076293945,0.06,3.47947392,3.48150858
HOOD,1.3832,0.4465,0.6781,0.66,113.98,114.62999725341797,-0.57,101.868814336,88.21642036736
RBLX,0.5573,0.365,0.7151,0.51,129.19,128.7100067138672,0.37,89.227821056,83.33181637055999
RKT,0.0946,0.164,0.5331,0.31,16.86,16.809999465942383,0.3,35.48069888,2.333424
ROK,0.1266,0.0835,0.3258,0.26,332.98,333.2300109863281,-0.08,37.466382336,37.43827332
ROIV,0.1559,0.2267,0.626,0.36,11.47,11.489999771118164,-0.17,7.845555712,7.828492654720001
ROKU,-0.7748,-0.1233,0.711,-0.17,83.11,83.20999908447266,-0.12,12.259412992,10.82524372
ROL,0.6583,0.1581,0.2475,0.64,58.58,58.63999938964844,-0.1,28.419289088,28.3902112
ROP,0.1404,0.0539,0.2037,0.26,535.54,534.3800048828125,0.22,57.506770944,57.63160155999999
ROST,0.2124,0.0958,0.3048,0.31,144.92,145.22000122070312,-0.21,47.497252864,47.39913047935999
RCL,2.7934,0.4532,0.4852,0.93,299.63,301.44000244140625,-0.6,81.879547904,81.38789764
RGLD,0.5599,0.1554,0.2952,0.53,168.66,168.97000122070312,-0.18,11.123480576,11.103073326
RPRX,0.1061,0.0541,0.2405,0.22,37.59,37.58000183105469,0.03,21.915680768,16.24989356928
RPM,0.4831,0.1339,0.2633,0.51,119.59,119.6500015258789,-0.05,15.360188416,15.35248584
RTX,0.9341,0.1946,0.2381,0.82,155.09,154.86000061035156,0.15,207.286304768,207.59417356288
RBRK,1.3624,0.872,0.6405,1.36,87.65,87.41000366210938,0.27,16.913222656,10.83029695
RYAN,0.9839,0.2278,0.3291,0.69,58.36,58.4900016784668,-0.22,15.441302528,7.4724144
R,1.4943,0.2826,0.3264,0.87,177.55,177.6999969482422,-0.08,7.248489472,7.24237103
SPGI,0.3185,0.0978,0.2374,0.41,557.46,556.8699951171875,0.11,170.012409856,170.192538
SWKS,-0.5701,-0.1302,0.4027,-0.32,70.81,71.08000183105469,-0.38,10.550262784,10.51018668
SFD,0.3238,0.5839,0.3244,1.8,25.36,25.530000686645508,-0.67,10.036174848,9.96934547712
SJM,-0.0433,0.0175,0.2375,0.07,110.64,110.72000122070312,-0.07,11.812052992,11.80351776
SW,-0.0913,0.0846,0.4667,0.18,43.67,43.630001068115234,0.09,22.7803136,22.80119840064
SNA,0.5663,0.1432,0.2458,0.58,321.57,321.79998779296875,-0.07,16.78618112,16.774184538
SNOW,-0.3303,0.0833,0.6108,0.14,193.77,191.72999572753906,1.06,63.972245504,64.65290755968
SOFI,0.2658,0.2919,0.687,0.42,22.1,22.100000381469727,-0.0,26.463645696,26.4355772928
SOLV,-0.0826,-0.006,0.3395,-0.02,73.53,73.38999938964844,0.19,12.724872192,12.74914669824
SGI,0.79,0.2231,0.39,0.57,74.87,74.94999694824219,-0.11,15.633444864,15.616758351040001
SON,-0.1819,-0.0207,0.2437,-0.08,45.33,45.43000030517578,-0.22,4.480811008,4.47094794432
SHC,-0.4321,0.0629,0.711,0.09,14.02,13.970000267028809,0.36,3.965454592,3.9796472121599997
SO,0.6781,0.1488,0.1919,0.78,94.7,94.69000244140625,0.01,104.163745792,104.1747395456
SCCO,0.6484,0.1955,0.374,0.52,100.12,100.0999984741211,0.02,80.487202816,80.50328495616
SSB,0.4254,0.1423,0.3269,0.44,92.24,92.22000122070312,0.02,9.33349376,9.33551816
LUV,-0.3818,-0.0524,0.3696,-0.14,29.61,29.6200008392334,-0.03,15.556069376,15.55081668
SPB,-0.2318,0.002,0.3744,0.01,56.38,56.33000183105469,0.09,1.363580416,1.36479066
SPR,-0.0751,0.1174,0.5203,0.23,39.86,39.900001525878906,-0.1,4.685018112,4.68032134
SPOT,2.2826,0.4181,0.4868,0.86,704.74,705.8900146484375,-0.16,145.256628224,145.01998772
SSNC,0.1844,0.0719,0.242,0.3,86.79,86.80000305175781,-0.01,21.198383104,21.19593989568
STAG,-0.0165,0.0254,0.2434,0.1,34.63,34.630001068115234,-0.0,6.603802624,6.46531683296
SARO,-0.1582,-0.1328,0.3814,-0.35,27.62,27.56999969482422,0.18,9.221117952,9.23784088192
SWK,-0.6049,-0.1609,0.381,-0.42,69.17,69.31999969482422,-0.22,10.730181632,10.70696264
SBUX,-0.132,0.0169,0.3266,0.05,91.95,92.12000274658203,-0.18,104.7128064,104.51956794240002
STWD,0.1217,0.0621,0.2574,0.24,19.84,19.8799991607666,-0.2,7.489571328,7.28403791872
STT,0.3871,0.1317,0.3134,0.42,111.13,111.08000183105469,0.05,31.51284224,31.527026239039998
STLD,0.797,0.2218,0.3859,0.57,123.04,123.0199966430664,0.02,18.262810624,18.26578016
STE,0.1551,0.0717,0.2659,0.27,241.3,242.85000610351562,-0.64,23.918442496,23.76578178
SF,0.7333,0.1901,0.3218,0.59,111.67,111.63999938964844,0.03,11.406594048,11.40965891
SYK,0.509,0.1337,0.2457,0.54,377.85,377.5799865722656,0.07,144.35147776,144.45470297280002
SMMT,2.6187,1.5747,2.0399,0.77,28.51,28.65999984741211,-0.52,21.284806656,21.17340720384
SUI,-0.2649,-0.043,0.263,-0.16,125.35,125.33000183105469,0.02,16.342781952,15.68817925
SMCI,10.6358,0.9997,0.8819,1.13,45.67,44.599998474121094,2.4,26.61808128,27.256677329280002
SYF,0.4786,0.171,0.3819,0.45,69.51,69.43000030517578,0.12,25.831985152,25.86175046784
SNPS,1.1199,0.2553,0.364,0.7,620.05,619.4199829101562,0.1,114.619949056,114.73653219999998
SNV,0.254,0.1358,0.3973,0.34,47.88,47.869998931884766,0.02,6.644547584,6.64593552
SYY,0.1364,0.0581,0.2278,0.26,80.67,80.6500015258789,0.02,38.510051328,38.51960232
TMUS,0.7372,0.1681,0.2408,0.7,244.58,244.97999572753906,-0.16,275.705397248,275.25523142656
TTWO,0.3554,0.1301,0.3273,0.4,218.07,217.3699951171875,0.32,40.09824256,40.2273729
TLN,7.0576,1.0825,0.4893,2.21,374.96,374.67999267578125,0.07,17.11736832,17.130160088
TPR,1.7429,0.3344,0.4016,0.83,109.36,109.08999633789062,0.25,22.65690112,22.7129784
TRGP,3.0523,0.406,0.3258,1.25,165.16,165.08999633789062,0.04,35.526045696,35.54111072
TGT,-0.5513,-0.1306,0.3715,-0.35,105.06,105.4000015258789,-0.32,47.890178048,47.73569364096
SNX,0.223,0.0939,0.2932,0.32,147.08,146.57000732421875,0.35,12.08720384,12.129261656320002
FTI,4.0236,0.504,0.4414,1.14,34.96,34.95000076293945,0.03,14.36500992,14.36911936
TDY,0.1954,0.074,0.2405,0.31,546.37,545.9299926757812,0.08,25.59783936,25.618469745
TFX,-0.6644,-0.2195,0.3285,-0.67,118.25,118.41000366210938,-0.14,5.232869376,5.2257986
TEM,0.5123,1.0267,1.1702,0.88,61.2,60.869998931884766,0.54,10.537570304,10.2860064
THC,1.3654,0.324,0.4564,0.71,165.88,165.5800018310547,0.18,14.629158912,14.65566388
TDC,-0.6093,-0.1498,0.4122,-0.36,20.53,20.530000686645508,-0.0,1.94008512,1.940085
TER,-0.0788,0.0852,0.4581,0.19,107.58,107.47000122070312,0.1,17.099660288,17.11318092
TSLA,0.3693,0.2743,0.6266,0.44,329.19,329.6499938964844,-0.14,1063.350173696,1061.78588023296
TTEK,0.3343,0.1206,0.3103,0.39,36.91,36.869998931884766,0.11,9.688439808,9.69895113472
TXN,0.1192,0.076,0.3087,0.25,187.04,187.22000122070312,-0.1,170.208641024,170.04498896895998
TPL,0.8092,0.2552,0.4619,0.55,857.53,862.0999755859375,-0.53,19.817351168,19.712299369
TXRH,1.0551,0.2282,0.3056,0.75,175.02,172.83999633789062,1.26,11.485321216,11.611124334
TXT,0.0408,0.0488,0.2784,0.18,77.08,77.0199966430664,0.08,13.72534784,13.73604078336
TMO,-0.1411,-0.0022,0.2695,-0.01,460.71,460.7200012207031,-0.0,173.973405696,173.96962452
TFSL,-0.1242,-0.0052,0.2382,-0.02,12.7,12.710000038146973,-0.08,3.569438208,3.5666297983999997
UBER,1.096,0.2976,0.4744,0.63,89.62,89.55999755859375,0.07,186.770210816,186.89534326784
UI,0.5911,0.218,0.4502,0.48,467.48,469.2099914550781,-0.37,28.383076352,28.278426176
UDR,-0.1658,-0.0173,0.2381,-0.07,38.06,38.09000015258789,-0.08,14.373147648,12.611067124480002
UGI,-0.1064,0.0144,0.2937,0.05,35.15,35.11000061035156,0.11,7.545981952,7.5545786
PATH,-0.8285,-0.2393,0.6327,-0.38,10.74,10.65999984741211,0.75,5.703515648,4.91447346816
ULTA,0.3396,0.1325,0.3434,0.39,499.34,498.2099914550781,0.23,22.392346624,22.443135904
RARE,-0.7029,-0.173,0.5102,-0.34,27.52,27.540000915527344,-0.07,2.654073856,2.652146432
UAA,-0.7889,-0.2485,0.5335,-0.47,5.51,5.440000057220459,1.29,2.267381248,1.0404147740799998
UA,-0.763,-0.2334,0.5041,-0.46,5.25,5.190000057220459,1.16,2.267381248,1.064952
UNP,0.0686,0.0434,0.2319,0.19,222.3,222.24000549316406,0.03,131.797213184,131.832792
UAL,0.8901,0.2794,0.4905,0.57,89.43,89.29000091552734,0.16,28.906031104,28.951352760000002
UPS,-0.4751,-0.1206,0.2867,-0.42,86.55,86.66999816894531,-0.14,73.4588928,63.704522342400004
URI,1.4446,0.2971,0.3805,0.78,859.02,858.969970703125,0.01,55.267160064,55.270377624
UTHR,0.4849,0.147,0.3071,0.48,301.23,301.5,-0.09,13.635729408,13.623518349
UWMC,-0.1784,0.0752,0.4998,0.15,4.49,4.519999980926514,-0.66,9.868606464,0.98167118592
UNH,-0.3429,-0.0573,0.305,-0.19,250.81,250.88999938964844,-0.03,227.592339456,227.51977537408
U,-0.7375,-0.0289,0.7838,-0.04,33.3,33.25,0.15,14.048723968,14.069849932799999
OLED,-0.2862,0.015,0.4474,0.03,137.73,137.64999389648438,0.06,6.543082496,6.546885365999999
UHS,0.1844,0.0943,0.3207,0.29,172.81,172.3000030517578,0.3,11.103081472,9.882952057
UNM,1.8809,0.3147,0.3107,1.01,69.38,69.38999938964844,-0.01,11.818018816,11.81631538496
USFD,1.2914,0.2541,0.3015,0.84,80.11,80.05999755859375,0.06,18.027270144,18.03852892
MTN,-0.4194,-0.0877,0.3136,-0.28,148.74,148.72000122070312,0.01,5.525304832,5.526047976
VLO,1.2657,0.2751,0.371,0.74,133.4,133.2899932861328,0.08,41.406803968,41.4409768
VMI,0.5526,0.1647,0.3302,0.5,368.08,368.20001220703125,-0.03,7.267716096,7.26534708
VVV,0.2701,0.1031,0.2937,0.35,38.16,38.400001525878906,-0.63,4.881216,4.8507084
VEEV,-0.1197,0.0413,0.3848,0.11,282.29,282.1300048828125,0.06,46.10342912,46.12957348
VTR,0.3973,0.1181,0.2605,0.45,68.54,68.56999969482422,-0.04,31.163076608,31.149442888320003
VLTO,0.3942,0.2081,0.2317,0.9,107.68,107.69999694824219,-0.02,26.726938624,26.721975618560002
VRSN,0.2964,0.0971,0.2511,0.39,271.96,271.8900146484375,0.03,25.396865024,25.403402855999996
VRSK,0.429,0.1149,0.2236,0.51,265.02,265.0400085449219,-0.01,37.030068224,37.02727142016
VZ,-0.0042,0.0224,0.2163,0.1,43.12,43.150001525878906,-0.07,181.934211072,181.8077184
VRTX,0.8815,0.2023,0.2907,0.7,374.15,366.5400085449219,2.08,93.97755904,95.9286956432
VRT,4.1145,0.6176,0.6324,0.98,139.92,139.92999267578125,-0.01,53.434646528,53.43083175935999
VSTS,-0.7456,-0.4923,0.6457,-0.76,4.87,4.829999923706055,0.83,0.6367872,0.6420608
VFC,-0.8302,-0.2928,0.5538,-0.53,11.86,11.829999923706055,0.25,4.620999168,4.6327175251199995
VTRS,-0.2296,-0.0074,0.3375,-0.02,9.73,9.699999809265137,0.31,11.30893824,11.34391463296
VICI,0.3409,0.0975,0.2173,0.45,32.96,32.900001525878906,0.18,35.083575296,35.14755467264
VIK,1.1678,0.6983,0.4125,1.69,56.61,56.58000183105469,0.05,25.073881088,17.854058522880003
VKTX,5.3045,0.9257,1.0796,0.86,37.61,37.88999938964844,-0.74,4.260540928,4.22905645
VNOM,1.6114,0.3111,0.3719,0.84,37.73,37.810001373291016,-0.21,10.909734912,4.94576159
VIRT,0.9081,0.2162,0.328,0.66,42.53,42.439998626708984,0.21,9.037852672,3.5970894108800002
V,0.4944,0.128,0.2318,0.55,336.65,336.7799987792969,-0.04,653.669761024,571.8606435455999
VST,10.9942,0.7429,0.4797,1.55,203.38,202.1199951171875,0.62,68.585783296,69.01334216
VNT,0.1963,0.0926,0.3076,0.3,40.56,40.54999923706055,0.02,5.9486848,5.950152
VNO,-0.0125,0.0911,0.4364,0.21,37.04,36.90999984741211,0.35,7.704925184,7.113198343680001
VOYA,0.1433,0.0774,0.2961,0.26,71.28,71.04000091552734,0.34,6.84952064,6.872660784
VMC,0.5389,0.1428,0.2619,0.55,286.34,286.5199890136719,-0.06,37.856165888,37.83238616
WPC,0.0864,0.0441,0.2152,0.2,65.9,65.87999725341797,0.03,14.427126784,14.431507427200001
WRB,1.3595,0.2429,0.2307,1.05,70.48,70.62999725341797,-0.21,26.789462016,26.73257007616
GWW,1.255,0.2362,0.2513,0.94,949.39,950.1300048828125,-0.08,45.446807552,45.411412358
WAB,1.1979,0.2327,0.2625,0.89,191.21,191.4199981689453,-0.11,32.723820544,32.68792160032
WBA,-0.7005,-0.2191,0.4127,-0.53,11.94,11.9399995803833,0.0,10.334797824,10.33479862656
WMT,1.1987,0.2212,0.2127,1.04,103.24,103.7300033569336,-0.47,827.809005568,823.89857071104
DIS,-0.3625,-0.067,0.3042,-0.22,112.05,112.43000030517578,-0.34,202.141270016,201.45805470719998
WBD,-0.6225,-0.096,0.5455,-0.18,10.99,10.90999984741211,0.73,27.01065216,27.20871353088
WM,0.6671,0.1461,0.1868,0.78,234.65,235.08999633789062,-0.19,94.701305856,94.5240632544
WAT,-0.2993,-0.0351,0.3311,-0.11,280.86,281.20001220703125,-0.12,16.738178048,16.717938726
WSO,0.6609,0.1729,0.3009,0.57,410.73,410.8299865722656,-0.02,16.778420224,14.328398196
W,-0.7714,-0.0208,0.839,-0.02,72.38,72.37000274658203,0.01,9.38356736,7.600117139999999
WFRD,2.7671,0.4762,0.5322,0.89,55.42,55.439998626708984,-0.04,3.982532352,3.9810957
WBS,0.2307,0.1248,0.3814,0.33,55.77,55.849998474121094,-0.14,9.331586048,9.31821935616
WEC,0.3131,0.0881,0.1978,0.45,110.35,110.3499984741211,0.0,35.51791104,35.517911334400004
WFC,0.6824,0.1779,0.3065,0.58,77.97,77.8499984741211,0.15,249.387810816,249.77222678016
WELL,1.2192,0.2298,0.2413,0.95,168.07,168.02999877929688,0.02,112.382828544,112.40958313088
WEN,-0.4915,-0.1335,0.2709,-0.49,10.07,10.09000015258789,-0.2,1.93753216,1.9336916694400001
WCC,0.777,0.2516,0.454,0.55,204.55,204.27999877929688,0.13,9.940815872,9.953955285
WST,-0.4336,-0.0475,0.4232,-0.11,240.95,240.97999572753906,-0.01,17.32822016,17.326062971200002
WAL,-0.1489,0.1805,0.6458,0.28,79.3,79.16999816894531,0.16,8.7406848,8.7550372
WDC,0.593,0.2108,0.4326,0.49,75.06,74.97000122070312,0.12,26.155384832,26.18678388096
WU,-0.519,-0.1431,0.2859,-0.5,8.04,8.039999961853027,0.0,2.596654848,2.59665474432
WLK,-0.0138,0.0574,0.3491,0.16,79.03,79.0,0.04,10.131434496,10.13528138
WEX,-0.0386,0.0577,0.3651,0.16,168.01,168.25999450683594,-0.15,5.765310976,5.756745043
WY,-0.1338,-0.0014,0.2641,-0.01,25.47,25.479999542236328,-0.04,18.384099328,18.376884558719997
WHR,-0.5505,-0.1267,0.3848,-0.33,83.65,83.70999908447266,-0.07,4.678920192,4.67556656
WTM,0.5507,0.138,0.2347,0.59,1754.67,1751.6199951171875,0.17,4.510701568,4.5185559972
WMB,1.8226,0.2903,0.2403,1.21,58.05,57.88999938964844,0.28,70.694109184,70.88950085759998
WSM,1.6439,0.3541,0.4712,0.75,199.79,199.4199981689453,0.19,24.52826112,24.57377042
WTW,0.5648,0.1373,0.2215,0.62,327.18,327.8500061035156,-0.2,31.981113344,31.91575464
WSC,-0.1295,0.0411,0.389,0.11,24.37,24.350000381469727,0.08,4.433526272,4.43716794496
WING,0.9661,0.2912,0.4948,0.59,316.3,315.3599853515625,0.3,8.806048768,8.83229794
WTFC,0.7626,0.1967,0.3286,0.6,123.78,123.83999633789062,-0.05,8.291372544,8.287355694
WOLF,-0.9839,-0.223,1.3118,-0.17,1.48,1.4800000190734863,-0.0,0.230327968,0.23032797184
WWD,1.1693,0.242,0.3057,0.79,248.35,248.4499969482422,-0.04,14.898601984,14.89260577
WDAY,-0.0563,0.0568,0.379,0.15,222.21,222.07000732421875,0.06,59.202973696,47.94158351232
WH,0.2661,0.1029,0.2957,0.35,83.96,83.95999908447266,0.0,6.410866688,6.410866551999999
WYNN,0.1214,0.1206,0.43,0.28,106.42,106.41000366210938,0.01,11.064193024,11.06523234
