Ticker,DCF Market Cap (B),DDM Market Cap (B),Multiples Market Cap (B),Median Market Cap (B),Current Price,Forecast Price (30d),Forecast Change (%),Current Market Cap (B),Forecast Market Cap (B)
A,38.82,5.85,22.21,22.21,114.62000274658203,114.6,-0.02,32.559529984,32.553848083199995
AA,10.84,0.98,20.42,10.84,30.170000076293945,30.11,-0.2,7.811465728,7.79593089088
AAL,431.02,,22.96,226.98999999999998,11.619999885559082,11.62,0.0,7.6672128,7.667212887039999
AAON,5.85,0.72,2.66,2.66,80.5199966430664,80.6,0.1,6.551597568,6.558107337599999
AAP,-14.34,1.89,0.7,0.7,59.08000183105469,58.94,-0.24,3.54040448,3.532014864
AAPL,1775.33,591.49,2050.77,1775.33,229.35000610351562,227.27,-0.91,3403.645714432,3372.77767890944
ABBV,920.06,753.72,309.27,753.72,198.0500030517578,198.16,0.06,349.8672128,350.0615296
ABNB,,,40.92,40.92,121.0199966430664,121.75,0.6,74.092806144,52.24049
ABT,215.49,166.91,146.14,166.91,134.27999877929688,134.14,-0.1,233.708978176,233.46530869248
ACGL,,,46.79,46.79,88.83000183105469,88.89,0.07,33.153132544,33.1755258
ACHC,27.54,,6.3,16.919999999999998,19.239999771118164,19.27,0.16,1.776748544,1.779518982
ACI,261.1,20.46,26.96,26.96,19.709999084472656,19.67,-0.2,11.034564608,11.01217113472
ACM,7.94,2.88,10.64,7.94,118.43000030517578,118.41,-0.02,15.685579776,15.66576141
ACN,186.5,116.31,175.64,175.64,239.1999969482422,238.44,-0.32,148.98642944,148.51306741248
ADBE,125.15,,130.62,127.885,341.04998779296875,340.92,-0.04,144.673406976,144.618264
ADC,,9.11,2.58,5.845,73.31999969482422,73.4,0.11,8.139546624,8.1228844
ADI,48.32,93.47,59.85,59.85,223.9499969482422,223.68,-0.12,111.142182912,111.00075264
ADM,224.61,30.18,19.4,30.18,57.84000015258789,57.68,-0.28,27.790036992,27.71316352
ADP,60.89,235.01,87.78,87.78,305.80999755859375,305.72,-0.03,123.866202112,123.82974840576001
ADSK,31.84,,21.53,26.685000000000002,290.67999267578125,291.38,0.24,62.18952704,62.33929176896
ADT,61.22,2.91,19.17,19.17,8.420000076293945,8.42,-0.0,6.905082368,6.44412912
AEE,257.73,23.18,9.74,23.18,101.38999938964844,101.44,0.05,27.416868864,27.430388776959997
AEP,663.73,66.91,30.92,66.91,112.5,112.51,0.01,60.164440064,60.16978635008
AES,276.0,8.87,-1.86,8.87,13.119999885559082,13.15,0.23,9.34209536,9.363457289600001
AFG,,10.27,11.16,10.715,129.33999633789062,128.63,-0.55,10.786243584,10.72703402048
AFL,,41.93,28.15,35.04,103.5199966430664,103.06,-0.44,55.365705728,55.11968368448
AFRM,-6.51,,-5.06,-5.785,72.33000183105469,73.32,1.37,23.333658624,20.66348114688
AGCO,39.58,1.5,7.05,7.05,109.5999984741211,109.96,0.33,8.178373632,8.205237192
AGNC,,21.12,,21.12,9.449999809265137,9.44,-0.11,9.844347904,9.833931048959998
AGO,,2.09,,2.09,81.88999938964844,81.97,0.1,4.012610048,4.01653
AIG,,45.6,86.38,65.99,78.12999725341797,78.12,-0.01,43.284328448,43.278789980160006
AIZ,,8.61,11.72,10.165,203.27000427246094,202.65,-0.31,10.306256896,10.274821095
AJG,-208.41,28.08,33.04,28.08,289.44000244140625,289.0,-0.15,74.201710592,74.088909312
AKAM,63.85,,12.72,38.285000000000004,70.52999877929688,70.65,0.17,10.085789696,10.10295
AL,627.58,1.46,,314.52000000000004,55.52000045776367,55.54,0.04,6.205192704,6.2074281
ALAB,,,1.72,1.72,179.27999877929688,178.2,-0.6,29.799743488,29.620227225599997
ALB,,,2.31,2.31,75.4800033569336,75.01,-0.62,8.8827136,8.82740183
ALGM,2.01,,0.66,1.335,30.770000457763672,30.81,0.13,5.69368064,5.7010824
ALGN,,,11.41,11.41,139.8800048828125,140.18,0.21,10.139398144,10.161143552
ALK,54.57,,10.61,32.59,52.279998779296875,52.21,-0.13,6.028406784,6.0203351
ALL,,130.76,75.29,103.025,206.8000030517578,206.69,-0.05,54.492831744,54.46384679648
ALLE,6.27,3.44,7.86,6.27,163.72000122070312,163.85,0.08,14.054788096,14.065948369600001
ALLY,,8.23,,8.23,37.47999954223633,37.48,0.0,11.536644096,11.536643839999998
ALNY,-3.66,,-1.53,-2.595,438.92999267578125,439.43,0.11,57.53450496,57.60004497
ALSN,14.38,3.41,13.95,13.95,87.7300033569336,87.78,0.06,7.335693824,7.33987427712
AM,15.44,7.57,2.88,7.57,18.440000534057617,18.45,0.05,8.821899264,8.8266830976
AMAT,74.74,29.64,129.5,74.74,184.8699951171875,184.51,-0.19,148.357791744,148.06890302784
AMCR,50.85,71.68,15.52,50.85,9.670000076293945,9.64,-0.31,22.157258752,22.08851790848
AMD,40.52,,83.53,62.025000000000006,172.75999450683594,172.76,0.0,280.361828352,280.36184945664
AME,22.31,5.42,20.69,20.69,182.0800018310547,182.21,0.07,42.052104192,42.08212834
AMED,1.16,,3.25,2.205,100.94000244140625,101.28,0.34,3.319583488,3.330764976
AMG,16.42,0.03,3.95,3.95,211.3000030517578,211.33,0.01,6.007026688,6.007879437
AMGN,598.33,357.81,165.34,357.81,288.2300109863281,288.37,0.05,155.172077568,155.24744532608003
AMH,16.18,9.71,4.54,9.71,34.41999816894531,34.49,0.2,14.535117824,12.77078502592
AMKR,21.04,1.43,15.32,15.32,23.1299991607666,23.18,0.22,5.716417536,5.72877492544
AMP,,12.38,,12.38,504.9599914550781,504.9,-0.01,47.60338432,47.59773084
AMT,233.74,63.15,24.44,63.15,206.50999450683594,206.69,0.09,96.698515456,96.78280084352001
AMTM,,,4.76,4.76,25.1299991607666,25.2,0.28,6.114857472,6.1318905984
AMZN,2757.66,,1539.59,2148.625,222.69000244140625,222.7,0.0,2374.966444032,2375.0731373567996
AN,48.14,,10.46,29.3,196.22999572753906,195.7,-0.27,7.399048192,7.3790642
ANET,-0.35,,60.21,29.93,139.17999267578125,136.94,-1.61,174.931165184,172.11577999104
ANGI,1.74,,1.2,1.47,18.170000076293945,17.88,-1.6,0.805697792,0.792838536
ANSS,0.4,,13.96,7.180000000000001,,375.11,,32.906993664,32.97820677056
AON,78.38,21.13,35.11,35.11,366.3999938964844,366.54,0.04,79.00573696,79.03592351232001
AOS,10.9,2.67,7.6,7.6,70.83000183105469,70.82,-0.01,9.925407744,8.0918932
APA,,5.19,33.58,19.384999999999998,20.010000228881836,19.95,-0.3,7.159297536,7.1378303808000005
APD,196.44,40.16,21.97,40.16,288.739990234375,288.99,0.09,64.26023936,64.31588046
APG,8.4,,5.76,7.08,34.459999084472656,34.46,0.0,14.331500544,14.33150048
APH,25.93,32.68,72.38,32.68,109.9800033569336,110.08,0.09,134.27679232,134.39888064512
APLS,-4.19,,-2.6,-3.3950000000000005,24.3700008392334,24.43,0.25,3.077687296,3.0852647
APO,,17.72,,17.72,141.97000122070312,142.31,0.24,81.210671104,81.40516350848
APP,12.51,,39.34,25.925,455.9800109863281,449.09,-1.51,154.235224064,138.15625124
APPF,,,2.28,2.28,283.3599853515625,287.3,1.39,10.159305728,6.57103941
APTV,69.82,,30.7,50.26,66.9000015258789,67.05,0.22,14.568143872,14.600808
AR,,,5.19,5.19,32.810001373291016,32.79,-0.06,10.136027136,10.12984775232
ARE,,12.87,7.05,9.959999999999999,74.20999908447266,74.09,-0.16,12.66920448,12.64871829728
ARES,2.12,16.82,-0.35,2.12,188.42999267578125,188.69,0.14,61.537087488,40.56344406
ARMK,43.63,1.66,6.45,6.45,39.619998931884766,39.7,0.2,10.4141568,10.4351850176
ARW,7.6,,12.35,9.975,120.88999938964844,121.03,0.12,6.22604032,6.233250751
AS,,,7.66,7.66,37.20000076293945,37.35,0.4,20.630042624,20.713227148799998
ASH,31.44,3.14,1.74,3.14,52.040000915527344,52.08,0.08,2.378540288,2.38036848
ASTS,-3.4,,-2.5,-2.95,46.630001068115234,46.1,-1.14,16.219779072,11.914545
ATI,13.36,,5.9,9.629999999999999,73.04000091552734,72.73,-0.42,10.067249152,10.02452136
ATO,114.01,12.85,12.01,12.85,164.2899932861328,163.62,-0.41,26.372487168,26.26493688
ATR,23.49,6.37,9.63,9.63,140.75,140.66,-0.06,9.272680448,9.26675113
AU,46.44,19.76,32.1,32.1,57.41999816894531,56.9,-0.91,28.982398976,28.7199336
AUR,,,-10.86,-10.86,6.159999847412109,6.12,-0.65,11.367232512,9.21696519168
AVB,50.29,19.16,10.05,19.16,186.77999877929688,186.53,-0.13,26.594297856,26.55870248224
AVT,26.2,5.02,7.59,7.59,51.970001220703125,51.94,-0.06,4.358063616,4.3555479542399995
AVTR,58.5,,10.39,34.445,11.5,11.5,0.0,7.839998464,7.839998592
AVY,23.3,12.62,13.85,13.85,170.80999755859375,170.55,-0.15,13.320037376,13.29976188
AWI,5.44,0.78,3.83,3.83,188.27999877929688,188.13,-0.08,8.144672768,8.138183979
AWK,163.14,15.5,9.11,15.5,145.36000061035156,145.32,-0.03,28.359591936,28.351787842559997
AXON,13.23,,1.06,7.1450000000000005,842.5,839.18,-0.39,66.1399552,65.87932239199999
AXP,,44.73,,44.73,297.42999267578125,297.67,0.08,206.976172032,207.14319017728
AXS,,4.52,11.8,8.16,96.47000122070312,96.25,-0.23,7.541445632,7.5242475
AXTA,20.53,,6.03,13.280000000000001,28.389999389648438,28.4,0.04,6.148535808,6.1507016
AYI,1.99,0.27,6.35,1.99,307.0799865722656,307.25,0.06,9.410404352,9.4156148
AZEK,5.12,,3.28,4.2,,54.17,,7.818464768,7.79257118
AZO,116.55,,39.31,77.93,4035.159912109375,4029.15,-0.15,67.50298112,67.402441605
AZTA,6.68,,0.72,3.6999999999999997,29.030000686645508,29.11,0.28,1.330726528,1.334393667
BAC,,158.03,,158.03,46.0099983215332,46.13,0.26,340.7937536,341.68259833344
BALL,13.52,6.8,16.59,13.52,54.060001373291016,54.22,0.3,14.712375296,14.75591834624
BKR,78.72,16.59,27.44,27.44,43.290000915527344,43.34,0.12,42.67870208,42.727994819840006
CACC,,,,,463.1700134277344,461.53,-0.35,5.204965888,5.186535681
CAG,200.94,122.36,14.94,122.36,19.25,19.2,-0.26,9.214860288,9.190925107199998
CAR,642.6,,-19.09,311.755,153.7100067138672,154.47,0.49,5.409593344,5.436339945
CARR,184.54,12.79,23.68,23.68,66.02999877929688,66.0,-0.05,56.19304448,56.167516416
CASY,,5.98,11.69,8.835,518.969970703125,519.34,0.07,19.295821824,19.30958054
CAT,222.23,42.61,105.66,105.66,416.5199890136719,416.27,-0.06,195.130867712,195.01375666016
CAVA,1.38,,1.39,1.3849999999999998,85.05000305175781,85.3,0.29,9.836882944,9.865798
CBOE,12.37,19.93,13.87,13.87,252.5800018310547,252.1,-0.19,26.417342464,26.367139
CBRE,38.24,,16.1,27.17,155.39999389648438,155.45,0.03,46.23988736,46.25476681279999
CBSH,,7.31,,7.31,60.459999084472656,60.46,0.0,8.067721728,8.06772194
CC,28.5,0.7,1.87,1.87,12.1899995803833,12.13,-0.49,1.82481856,1.81583674
CCCS,0.46,,1.97,1.215,9.520000457763672,9.55,0.32,6.199947776,6.2194850208000005
CCI,112.93,34.18,10.64,34.18,104.5,104.51,0.01,45.506617344,45.51097137216
CCK,45.14,7.34,18.89,18.89,101.4800033569336,101.28,-0.2,11.809837056,11.78656128
CCL,169.58,,55.28,112.43,28.3700008392334,28.31,-0.21,38.46631424,33.04909218816
CDW,19.75,20.48,23.74,20.48,162.9199981689453,163.39,0.29,21.35245824,21.41405679
CE,86.45,0.25,3.03,3.03,48.04999923706055,47.98,-0.15,5.25700608,5.24934786
CEG,96.8,7.46,50.86,50.86,335.7650146484375,334.52,-0.37,104.895012864,104.50606047231999
CELH,1.25,,2.56,1.905,51.95000076293945,53.11,2.23,13.39109888,13.69011116512
CERT,1.98,,1.25,1.615,10.9399995803833,11.01,0.64,1.757226496,1.76847024
CF,59.55,7.28,22.72,22.72,80.91000366210938,81.68,0.95,13.105234944,13.229953986560002
CFLT,,,-4.7,-4.7,16.329999923706055,16.39,0.37,5.629669376,4.78474922112
CG,,6.39,,6.39,62.22999954223633,62.26,0.05,22.340569088,22.35134
CHE,13.72,2.61,5.88,5.88,435.3299865722656,434.09,-0.28,6.343497728,6.325429253
CHH,0.95,1.98,4.32,1.98,120.75,121.25,0.41,5.586909184,5.6100435
CHTR,1156.66,,185.95,671.3050000000001,256.57000732421875,256.65,0.03,35.045154816,35.0560822032
CL,183.42,92.29,46.68,92.29,84.69000244140625,84.62,-0.08,68.448239616,68.39166034304
CMA,,10.01,,10.01,66.86000061035156,66.88,0.03,8.593181696,8.595752
CMCSA,1323.37,140.79,393.54,393.54,31.670000076293945,31.76,0.28,116.932288512,116.96445556736
CMG,,,24.79,24.79,41.439998626708984,41.52,0.19,55.566065664,55.67333760000001
CMI,57.58,22.77,47.04,47.04,387.0299987792969,386.24,-0.2,53.327314944,53.21846464
CNC,334.52,,61.58,198.04999999999998,25.59000015258789,25.59,-0.0,12.568093696,12.56809326528
CNM,10.09,,6.73,8.41,63.959999084472656,64.04,0.13,12.608243712,12.145442160000002
CNP,190.5,15.0,8.85,15.0,38.83000183105469,38.83,-0.0,25.350750208,25.350748881919998
CNXC,42.85,,15.41,29.130000000000003,47.09000015258789,47.11,0.04,2.967852032,2.969112461
COIN,,,22.64,22.64,310.5400085449219,311.07,0.17,79.789531136,66.92951261856
COLB,,12.54,,12.54,24.06999969482422,24.07,0.0,5.064047616,5.06194487744
COLD,24.27,5.24,1.5,5.24,14.529999732971191,14.48,-0.34,4.151700224,4.12387527168
COLM,,2.37,4.03,3.2,50.70000076293945,50.75,0.1,2.797053184,2.799811525
COO,18.71,,12.47,15.59,70.29000091552734,70.42,0.18,14.023768064,14.04970489664
COOP,58.29,,7.49,32.89,177.36000061035156,176.8,-0.32,11.349531648,11.31401544
COP,598.33,90.2,145.25,145.25,93.91000366210938,93.92,0.01,117.287960576,117.30044780544
COR,101.61,22.63,52.85,52.85,285.1300048828125,285.48,0.12,55.2804352,55.34829144
COST,301.24,50.28,145.84,145.84,980.97998046875,982.5,0.15,435.04205824,435.71614464
COTY,16.13,,7.26,11.695,4.739999771118164,4.74,0.0,4.134654208,4.13465452416
CPAY,49.46,,26.42,37.94,301.70001220703125,302.56,0.29,21.304365056,21.365092864
CPNG,15.09,,17.57,16.33,27.829999923706055,27.88,0.18,50.736037888,46.427449692159996
CPRT,12.57,,23.51,18.04,46.189998626708984,46.2,0.02,44.657942528,44.6724432
CR,1.63,0.82,4.55,1.63,193.9600067138672,194.05,0.05,11.161778176,11.16695654
CRH,181.68,17.43,46.8,46.8,109.30000305175781,108.76,-0.49,73.4783488,73.11532126976002
CRI,8.9,1.31,2.53,2.53,25.360000610351562,25.26,-0.39,0.92392064,0.920277372
CRL,12.45,,10.1,11.274999999999999,148.74000549316406,150.78,1.37,7.32012032,7.420517076
CROX,19.98,,11.37,15.675,75.23999786376953,73.35,-2.51,4.2190528,4.1130719099999995
CRWD,-0.82,,3.64,1.4100000000000001,424.489990234375,426.18,0.4,105.80328448,106.22451264
CSGP,,,4.67,4.67,94.5,94.51,0.01,40.034922496,40.03915998784
CSX,138.82,16.3,47.67,47.67,35.43000030517578,35.43,-0.0,66.051444736,66.05144266751999
CTRA,94.55,25.92,22.56,25.92,24.020000457763672,24.02,-0.0,18.330621952,18.33062203136
CTVA,85.93,13.45,29.57,29.57,70.91000366210938,70.86,-0.07,48.154984448,48.121028267519996
CUBE,,8.44,3.79,6.115,38.83000183105469,38.82,-0.03,8.901001216,8.852319010559999
CUZ,15.02,2.92,2.82,2.92,26.700000762939453,26.7,-0.0,4.485412864,4.4847456
CVNA,-2.05,,17.62,7.785,347.55999755859375,347.82,0.07,40.646098944,40.67650554
CVS,800.15,175.16,117.29,175.16,65.54000091552734,65.49,-0.08,83.126345728,83.06293065215999
CVX,980.07,271.06,212.59,271.06,155.00999450683594,155.19,0.12,312.317247488,312.67991083391996
CW,11.15,0.64,6.75,6.75,472.42999267578125,477.51,1.08,17.80026368,17.991669531
CXT,9.53,0.69,2.67,2.67,60.59000015258789,60.23,-0.59,3.478968832,3.458298186
DAL,231.56,6.63,58.93,58.93,53.63999938964844,53.72,0.15,35.024130048,35.07636484096
DAR,28.94,,5.0,16.97,30.6299991607666,30.69,0.2,4.845237248,4.85472834
DAY,5.96,,3.27,4.615,51.16999816894531,51.3,0.25,8.171490304,8.1922504896
DDOG,-11.88,,3.09,-4.3950000000000005,130.91000366210938,131.16,0.19,45.654208512,41.905355581440006
DE,216.89,34.3,33.74,34.3,510.3699951171875,510.14,-0.05,138.2219776,138.15968986112
DECK,12.01,,16.86,14.434999999999999,101.68000030517578,101.82,0.14,15.083516928,15.10428507456
DELL,181.43,31.17,124.65,124.65,137.61000061035156,137.25,-0.26,93.07693056,46.757368152
DGX,63.1,26.78,21.31,26.78,176.9600067138672,176.56,-0.23,19.788197888,19.74346888
DHI,,10.88,57.7,34.29,156.5,156.3,-0.13,46.656405504,46.5967812
DHR,266.83,33.73,84.43,84.43,200.55999755859375,200.35,-0.1,143.611379712,143.4610117888
DIS,483.93,28.13,210.64,210.64,112.43000030517578,112.05,-0.34,202.141270016,201.45805470719998
DKS,44.71,8.41,19.46,19.46,211.24000549316406,211.05,-0.09,16.918823936,11.929031415
DLR,,29.99,9.86,19.924999999999997,169.91000366210938,170.0,0.05,59.013480448,57.97849728
DOX,33.08,,14.08,23.58,89.41000366210938,89.11,-0.34,9.944091648,9.91072509
DRI,53.63,41.64,15.34,41.64,202.0,202.47,0.23,23.552190464,23.60698965
DVA,78.97,,23.67,51.32,129.5,129.55,0.04,9.259249664,9.262825
DVN,,9.62,42.99,26.305,33.279998779296875,33.27,-0.03,21.126144,21.119796000000004
DXCM,29.37,,12.63,21.0,78.86000061035156,78.74,-0.15,30.925344768,30.878285329919997
EA,67.13,7.56,22.81,22.81,167.63999938964844,167.26,-0.23,41.941200896,41.84962415808
ECL,70.35,14.39,26.79,26.79,272.8699951171875,272.59,-0.1,77.392748544,77.31333656928
ED,413.29,55.16,25.26,55.16,104.4800033569336,104.46,-0.02,37.680922624,37.67370792
EFX,22.72,3.17,13.67,13.67,239.80999755859375,239.89,0.03,29.543872512,29.55372833
EHC,44.21,2.94,14.48,14.48,117.58000183105469,117.15,-0.37,11.84312832,11.7998166
EIX,432.38,27.14,17.76,27.14,53.77000045776367,53.67,-0.19,20.692523008,20.65403992128
EL,50.41,5.83,17.34,17.34,90.69000244140625,90.69,-0.0,32.62590976,21.2405049
ELAN,24.48,,7.53,16.005,16.670000076293945,16.77,0.6,8.281889792,8.331571048319999
ELS,22.23,8.93,4.29,8.93,60.150001525878906,60.32,0.28,12.204073984,11.6894128
ELV,,79.97,130.78,105.375,293.989990234375,291.95,-0.69,66.200076288,65.7407171
EME,12.04,0.74,16.52,12.04,618.219970703125,618.81,0.1,27.67412224,27.700534601999998
EMR,106.78,19.02,36.77,36.77,132.74000549316406,132.77,0.02,74.706075648,74.722956
ENOV,7.91,,3.4,5.655,28.440000534057617,28.53,0.32,1.625624704,1.629722043
ENPH,5.16,,4.2,4.68,32.439998626708984,32.46,0.06,4.241562368,4.24417746
ENTG,23.97,2.12,9.82,9.82,73.13999938964844,73.09,-0.07,11.073395712,11.065826
EOG,,44.78,77.37,61.075,116.27999877929688,116.26,-0.02,63.488069632,63.45319755008
EPAM,17.63,,11.45,14.54,158.0,158.38,0.24,8.800110592,8.821275022
EPR,,3.64,2.48,3.06,53.849998474121094,53.92,0.13,4.09887872,4.104207072
EQH,,7.4,32.79,20.095,51.97999954223633,51.82,-0.31,15.68236544,15.634094
EQIX,95.32,34.62,20.3,34.62,776.2000122070312,776.13,-0.01,75.96204032,75.95518632
EQR,48.62,19.16,10.31,19.16,63.20000076293945,63.19,-0.02,24.873117696,24.13213360896
EQT,112.97,10.01,21.65,21.65,51.290000915527344,51.27,-0.04,32.0078848,31.995403620480005
ESAB,3.93,0.41,4.38,3.93,111.12999725341797,113.37,2.02,6.7454464,6.881411619
ESI,8.07,1.29,3.23,3.23,23.899999618530273,23.9,0.0,5.774646272,5.774646108799999
ESS,37.95,13.4,5.52,13.4,254.58999633789062,254.44,-0.06,17.58414848,16.38695376
ESTC,-5.38,,0.19,-2.5949999999999998,74.51000213623047,74.73,0.3,7.863413248,7.88663055
ETR,310.06,28.74,21.44,28.74,90.47000122070312,90.46,-0.01,40.38662144,40.38215741632
ETSY,10.38,,3.78,7.08,60.90999984741211,60.54,-0.61,6.036704768,6.000034644
EW,-2.22,,26.51,12.145000000000001,78.3499984741211,78.36,0.01,45.99928832,46.005158507519994
FANG,353.77,18.41,48.35,48.35,142.02999877929688,142.01,-0.01,41.115697152,41.10990913216
FIX,9.96,1.0,10.9,9.96,691.760009765625,692.08,0.05,24.406331392,24.41762052
FTI,28.49,1.37,9.87,9.87,34.95000076293945,34.96,0.03,14.36500992,14.36911936
GLW,43.68,44.4,40.13,43.68,65.7699966430664,65.94,0.26,56.339828736,56.48545738751999
GOOG,3036.94,117.75,1842.16,1842.16,202.08999633789062,200.98,-0.55,2440.394964992,1091.32142572544
GOOGL,3036.94,126.15,1842.16,1842.16,201.4199981689453,200.26,-0.58,2439.619280896,1164.9124071833598
GWW,42.09,7.71,27.66,27.66,950.1300048828125,949.39,-0.08,45.446807552,45.411412358
H,-0.31,0.51,4.1,0.51,135.86000061035156,135.89,0.02,12.972592128,5.699729392999999
HBAN,,25.12,,25.12,16.09000015258789,16.09,-0.0,23.58617088,23.58617087232
HHH,26.91,,3.56,15.235,71.08999633789062,70.9,-0.27,4.222831104,4.2115450800000005
HII,24.83,12.73,7.34,12.73,264.69000244140625,264.94,0.09,10.386594816,10.396404564
HOOD,3.18,,,3.18,114.62999725341797,113.98,-0.57,101.868814336,88.21642036736
HPQ,124.58,33.47,60.04,60.04,26.110000610351562,26.05,-0.23,24.524419072,24.4680622752
HUBB,21.63,5.96,11.9,11.9,418.6499938964844,420.15,0.36,22.247061504,22.326771
HUBS,0.82,,0.71,0.7649999999999999,449.7200012207031,452.3,0.57,23.69714176,23.83308913
HUM,,33.11,62.19,47.65,266.67999267578125,266.55,-0.05,32.074135552,32.0585016
HUN,36.69,4.99,0.92,4.99,9.460000038146973,9.45,-0.11,1.643693952,1.6419563999999998
HWM,20.84,2.75,18.5,18.5,180.75,180.59,-0.09,72.865030144,72.80052722944001
IAC,0.54,,4.26,2.4,34.16999816894531,34.43,0.76,2.73897472,2.560483354
IBKR,12.2,2.95,,7.574999999999999,65.91000366210938,65.9,-0.02,112.03514368,29.3417778272
IBM,331.09,1489.77,157.64,331.09,242.27000427246094,242.06,-0.09,225.67911424,225.48348333056
ICE,93.2,25.22,40.5,40.5,186.39999389648438,186.25,-0.08,106.699636736,106.61377928
IDA,42.16,4.98,1.88,4.98,124.58000183105469,124.56,-0.02,6.731418624,6.730338024
IDXX,17.84,,17.45,17.645,658.0599975585938,657.87,-0.03,52.64789504,52.63269462048
IEX,11.38,4.32,7.77,7.77,158.25999450683594,158.28,0.01,11.91496704,11.91647321088
IFF,26.12,8.1,9.37,9.37,63.560001373291016,63.23,-0.52,16.28960256,16.205027515839998
ILMN,14.72,,7.76,11.24,94.55999755859375,94.66,0.11,14.96884736,14.984678
INCY,42.81,,16.49,29.65,78.38999938964844,78.36,-0.04,15.307685888,15.30182736
INFA,-0.4,,3.55,1.575,24.670000076293945,24.68,0.04,7.515567616,6.43145992
INGM,,,12.32,12.32,18.760000228881836,18.64,-0.64,4.405673472,4.37749216
INGR,16.58,5.94,13.63,13.63,126.23999786376953,126.24,0.0,8.118620672,8.11862064
INSP,0.63,,0.96,0.7949999999999999,79.13999938964844,83.3,5.26,2.340510208,2.46353919
INTC,613.47,,106.62,360.045,19.950000762939453,19.9,-0.25,87.32114944,87.1022987264
INTU,45.0,36.76,78.9,45.0,749.0,750.97,0.26,208.93130752,209.48083459776
INVH,62.48,14.83,6.7,14.83,29.950000762939453,29.96,0.03,18.359590912,18.36571968
IONS,-24.01,,-3.08,-13.545000000000002,41.63999938964844,41.86,0.53,6.637041664,6.67210759488
IP,48.15,34.85,20.45,34.85,47.54999923706055,47.58,0.06,25.105545216,25.121384321279997
IPG,22.12,12.1,19.22,19.22,24.90999984741211,24.85,-0.24,9.123685376,9.101709702399999
IPGP,,,1.71,1.71,75.26000213623047,75.33,0.09,3.177469696,3.180425067
IQV,71.65,,25.32,48.485,179.86000061035156,180.06,0.11,30.57619968,30.6102
IR,20.26,0.47,16.08,16.08,75.88999938964844,75.98,0.12,30.162706432,30.19847833216
IRDM,10.61,2.33,3.7,3.7,23.809999465942383,23.84,0.13,2.526574336,2.52975776
IRM,90.9,14.81,3.93,14.81,90.16000366210938,89.64,-0.58,26.62857728,26.47499472
ISRG,,,47.7,47.7,470.0799865722656,470.25,0.04,168.512864256,168.573805488
ITT,13.45,1.66,7.31,7.31,165.6699981689453,165.81,0.08,12.922259456,12.93318
ITW,59.7,35.38,37.65,37.65,256.989990234375,256.9,-0.04,74.912579584,74.88635
IVZ,17.46,6.09,11.03,11.03,20.719999313354492,20.71,-0.05,9.240374272,9.23591444
J,33.72,4.05,10.92,10.92,148.16000366210938,147.76,-0.27,17.710454784,17.66263936
JAZZ,-8.96,,17.5,4.27,111.30000305175781,111.74,0.4,6.751324672,6.778014312
JBHT,33.43,2.78,13.74,13.74,139.44000244140625,139.68,0.17,13.497694208,13.52092566528
JBL,63.05,1.24,29.16,29.16,224.33999633789062,225.0,0.29,24.075943936,24.146775
JCI,57.61,15.51,30.08,30.08,105.55000305175781,105.59,0.04,69.070340096,69.09651468416
JEF,-23.34,5.65,,-8.844999999999999,58.47999954223633,58.56,0.14,12.063254528,12.0797568
JHG,5.65,4.3,8.88,5.65,42.68000030517578,42.69,0.02,6.657184256,6.65874385152
JHX,14.71,,8.72,11.715,28.209999084472656,28.27,0.21,16.33906176,16.37381392768
JLL,,,10.0,10.0,278.2099914550781,277.51,-0.25,13.181923328,13.148756812
JNJ,883.75,1179.12,370.51,883.75,173.3300018310547,173.12,-0.12,417.437581312,416.93181526016
JPM,,358.22,,358.22,288.760009765625,288.84,0.03,794.017857536,794.2377946214399
K,58.65,54.33,19.18,54.33,80.06999969482422,80.08,0.01,27.837855744,27.84133287936
KBR,13.02,2.29,4.7,4.7,49.880001068115234,49.85,-0.06,6.426638848,6.4227737
KD,25.75,,17.14,21.445,30.690000534057617,30.29,-1.3,7.093809664,7.00135176
KDP,62.86,53.44,28.59,53.44,34.41999816894531,34.28,-0.41,46.75749888,46.56732100608
KEX,20.48,,6.79,13.635,99.62000274658203,99.63,0.01,5.58868224,5.589243
KEY,,20.81,,20.81,17.610000610351562,17.6,-0.06,19.309717504,19.298750873600003
KEYS,12.79,,17.43,15.11,164.9600067138672,165.13,0.1,28.391100416,28.42035784896
KHC,195.25,169.79,51.61,169.79,27.760000228881836,27.71,-0.18,32.856735744,32.797556
KIM,,9.23,4.95,7.09,20.809999465942383,20.85,0.19,14.092531712,14.119620000000001
KKR,,8.44,,8.44,142.6699981689453,142.88,0.15,132.042080256,127.29736546304
KLAC,33.67,26.4,78.45,33.67,914.7999877929688,913.05,-0.19,120.974065664,120.74264505
KMB,146.56,94.68,36.22,94.68,136.16000366210938,135.94,-0.16,45.175164928,45.1021732
KMI,,53.95,10.96,32.455,26.889999389648438,27.08,0.71,59.7517312,60.1739264
KMPR,,1.61,4.44,3.0250000000000004,50.27000045776367,50.23,-0.08,3.154080512,3.151570844
KMX,28.44,,-5.24,11.600000000000001,54.959999084472656,54.98,0.04,8.247956992,8.25095856
KNSL,,0.36,5.68,3.02,438.8699951171875,439.17,0.07,10.225671168,10.232661
KNX,37.89,2.07,7.67,7.67,41.11000061035156,41.24,0.32,6.67223552,6.69333448
KR,228.68,32.26,70.55,70.55,74.23999786376953,74.07,-0.23,49.084219392,48.97182254975999
KRC,43.57,3.69,2.17,3.69,37.810001373291016,37.7,-0.29,4.516215808,4.4596838
KRMN,,,0.53,0.53,45.779998779296875,46.55,1.68,6.057700864,6.1595891
KSS,85.43,0.9,7.72,7.72,11.119999885559082,11.13,0.09,1.245907072,1.24702746
KVUE,73.66,41.75,32.06,41.75,21.34000015258789,21.37,0.14,40.95295488,41.010524874240005
LAMR,,,10.27,10.27,115.5,116.76,1.09,11.826044928,10.2713772
LAZ,-1.07,3.57,,1.25,51.79999923706055,51.76,-0.08,4.88771328,4.883939024
LDOS,45.13,58.92,29.45,45.13,176.5,176.78,0.16,22.644420608,22.68034366
LEA,39.71,3.86,16.94,16.94,95.88999938964844,95.85,-0.04,5.101933056,5.099804685
LEG,10.61,1.73,2.95,2.95,8.600000381469727,8.59,-0.12,1.164018688,1.16266515872
LEN,73.3,10.73,54.38,54.38,120.8499984741211,120.62,-0.19,31.143890944,27.45335324
LH,22.36,8.87,18.29,18.29,265.8500061035156,265.2,-0.24,22.092136448,22.03812
LHX,58.01,23.94,28.68,28.68,269.7200012207031,269.86,0.05,50.463264768,50.489458858880006
LITE,11.06,,-2.08,4.49,116.2699966430664,115.93,-0.29,8.06913792,8.045542
LNG,361.97,13.95,28.47,28.47,230.8300018310547,232.02,0.52,50.729046016,50.99057136
LNT,101.07,14.31,5.34,14.31,65.63999938964844,65.66,0.03,16.867444736,16.86647816
LRCX,49.23,24.14,94.96,49.23,101.75,101.43,-0.31,129.094295552,128.68829495424
LSCC,1.39,,1.1,1.245,61.5099983215332,60.96,-0.89,8.420472832,8.34518016
LSTR,4.8,1.33,2.97,2.97,127.08000183105469,127.57,0.39,4.403766784,4.420746995
LULU,,,35.34,35.34,189.42999267578125,189.17,-0.14,22.703374336,21.70328493
LUV,131.01,6.34,15.17,15.17,29.6200008392334,29.61,-0.03,15.556069376,15.55081668
LVS,167.71,21.81,34.83,34.83,52.630001068115234,52.62,-0.02,36.128075776,36.121210321919996
LW,37.02,8.53,9.91,9.91,51.54999923706055,51.8,0.48,7.183750656,7.218589414399999
LYB,152.39,42.03,12.83,42.03,49.060001373291016,49.3,0.49,15.780050944,15.8572464
LYFT,5.68,,2.24,3.96,13.40999984741211,13.4,-0.07,5.452419072,5.3320075072
M,47.69,3.06,12.42,12.42,12.079999923706055,12.08,0.0,3.280203264,3.2802032
MMM,47.29,29.41,48.96,47.29,153.3000030517578,153.09,-0.14,81.652187136,81.54032914944
MO,221.53,223.42,117.38,221.53,64.19000244140625,64.04,-0.23,107.832147968,107.58015867392001
MORN,8.26,2.11,4.93,4.93,258.9200134277344,259.23,0.12,10.920650752,10.933725171
MOS,,5.18,12.58,8.879999999999999,31.979999542236328,32.09,0.34,10.149747712,10.184659506560001
MP,,,-0.84,-0.84,74.31999969482422,74.79,0.63,13.15976704,13.24298991168
MS,,121.11,,121.11,143.17999267578125,143.36,0.13,228.563943424,228.85129781248
MSA,6.51,1.81,4.3,4.3,174.17999267578125,174.27,0.05,6.817962496,6.821485464
MSCI,24.43,10.84,12.62,12.62,546.6799926757812,548.07,0.25,42.29400576,42.401545164000005
MSI,19.73,41.13,43.58,41.13,453.4100036621094,452.99,-0.09,75.539922944,75.46994596
MSM,11.87,4.52,3.61,4.52,86.0999984741211,86.04,-0.07,4.793686528,4.790345832
MTB,,40.63,,40.63,187.1699981689453,187.15,-0.01,29.248866304,29.2457418528
MTN,27.8,13.85,7.64,13.85,148.72000122070312,148.74,0.01,5.525304832,5.526047976
MTSI,0.4,,2.8,1.5999999999999999,120.94000244140625,123.88,2.43,9.006559232,9.225504148479999
MUSA,43.14,17.39,9.53,17.39,377.8999938964844,376.64,-0.33,7.290597888,7.266289536
NBIX,7.46,,7.5,7.48,125.01000213623047,124.89,-0.1,12.398680064,12.386778034559999
NCLH,35.69,,15.97,25.83,24.0,24.03,0.13,10.846487552,10.86004591776
NCNO,0.1,,0.32,0.21000000000000002,26.190000534057617,26.31,0.46,3.03652096,3.05043402
NDAQ,45.4,16.11,19.17,19.17,96.8499984741211,96.87,0.02,55.572045824,55.58352242496
NDSN,11.76,4.08,5.95,5.95,211.0399932861328,211.16,0.06,11.925638144,11.932419324
NEE,563.04,115.83,40.33,115.83,72.41000366210938,72.43,0.03,149.113192448,149.15437354112004
NEM,186.28,66.17,94.21,94.21,68.9800033569336,68.74,-0.35,75.7710848,75.50745629951999
NEU,19.27,4.39,5.87,5.87,738.1699829101562,735.49,-0.36,6.936302592,6.9111200438000004
NFE,170.85,1.8,-5.71,1.8,2.7200000286102295,2.73,0.37,0.745818624,0.74856058368
NFG,,4.56,6.23,5.395,87.88999938964844,87.75,-0.16,7.94205696,7.9294059
NFLX,297.19,,151.79,224.49,1211.6400146484375,1216.42,0.39,514.8573696,516.88850438272
NI,190.39,14.42,8.33,14.42,42.279998779296875,42.32,0.09,19.907749888,19.92658393856
NKE,,46.59,51.85,49.22,74.19000244140625,74.2,0.01,109.571211264,88.1510816256
NLY,,25.5,,25.5,20.600000381469727,20.59,-0.05,13.226766336,13.220345498879999
NNN,,8.27,3.66,5.965,41.84000015258789,41.85,0.02,7.898638848,7.9005267
NOC,354.27,153.56,48.85,153.56,581.1099853515625,581.77,0.11,83.20507904,83.29957856416
NOV,25.22,2.58,6.41,6.41,11.899999618530273,11.92,0.17,4.419243008,4.42667070464
NRG,54.59,5.26,9.39,9.39,152.5399932861328,151.86,-0.45,29.505964032,29.37443287488
NSA,25.29,2.73,1.2,2.73,29.760000228881836,29.73,-0.1,4.378023424,2.28222345
NSC,133.19,19.61,44.57,44.57,280.0299987792969,280.0,-0.01,62.825848832,62.81912
NTAP,14.92,10.86,24.63,14.92,106.20999908447266,106.28,0.07,21.25251584,21.266522570240003
NTNX,11.38,,3.6,7.49,71.5999984741211,71.6,0.0,19.194312704,19.1943126272
NTRA,-1.81,,-2.66,-2.2350000000000003,151.9499969482422,152.8,0.56,20.854833152,20.8964683776
NTRS,,11.79,,11.79,125.6500015258789,125.56,-0.07,23.956553728,23.93939415552
NU,,,,,12.300000190734863,12.28,-0.16,59.34024704,46.3423858176
NUE,136.96,6.14,26.8,26.8,138.97999572753906,139.02,0.03,32.069773312,32.079005132160006
NVDA,463.62,13.92,1349.46,463.62,182.6999969482422,182.17,-0.29,4456.467922944,4442.689161953279
NVR,31.83,,25.13,28.479999999999997,7858.68017578125,7853.35,-0.07,21.71431936,21.699591385
NVST,7.05,,3.64,5.345,20.239999771118164,20.25,0.05,3.363523584,3.3651855
NVT,7.24,2.0,5.44,5.44,88.68000030517578,88.83,0.17,14.272780288,14.29692272064
NWL,34.78,2.59,3.53,3.53,4.880000114440918,4.87,-0.2,2.045208064,2.041017
NWS,9.89,0.77,13.87,9.89,32.95000076293945,32.99,0.12,16.94605312,6.21901088
NWSA,9.89,1.53,13.87,9.89,28.520000457763672,28.59,0.25,16.946071552,10.76150472
NXST,50.09,5.72,15.32,15.32,186.8000030517578,186.74,-0.03,5.662841856,5.6610231
NYT,3.2,2.78,6.58,3.2,57.4900016784668,57.51,0.03,9.360464896,9.31880538
O,,62.25,22.07,42.16,57.439998626708984,57.48,0.07,52.517736448,52.55310134016
OC,47.64,3.67,20.64,20.64,143.8800048828125,143.94,0.04,12.032339968,12.037356744
ODFL,32.06,3.96,17.9,17.9,144.4600067138672,144.46,-0.0,30.360870912,30.36086928
OGE,67.57,8.91,6.02,8.91,45.369998931884766,45.36,-0.02,9.137291264,9.135277562879999
OGN,208.87,1.14,12.92,12.92,9.220000267028809,9.24,0.22,2.396886528,2.40208584
OHI,,18.66,6.0,12.33,39.95000076293945,39.97,0.05,12.11323904,11.79115
OKE,130.61,44.9,12.11,44.9,74.45999908447266,74.46,0.0,46.891634688,46.891634142719994
OKTA,6.53,,3.3,4.915,91.55000305175781,92.19,0.7,16.027932672,15.41075770752
OLED,,2.15,4.98,3.5650000000000004,137.64999389648438,137.73,0.06,6.543082496,6.546885365999999
OLLI,,,3.1,3.1,135.10000610351562,135.34,0.18,8.287182848,8.301904474
OLN,11.71,1.26,3.18,3.18,18.920000076293945,18.92,-0.0,2.16902656,2.16902664
OMC,25.83,15.01,28.61,25.83,72.94000244140625,72.79,-0.21,14.130156544,14.101097752320001
OMF,,10.31,,10.31,55.83000183105469,55.83,-0.0,6.636512256,6.6365121
ON,17.79,,25.61,21.7,47.65999984741211,47.3,-0.76,19.491700736,19.3444709568
ONON,0.9,,4.1,2.5,45.65999984741211,45.81,0.33,14.890866688,13.405517363520001
ONTO,,,4.81,4.81,102.87999725341797,101.66,-1.19,5.041490432,4.974874424
ORCL,532.42,147.73,249.84,249.84,250.0500030517578,250.39,0.14,702.347935744,703.3029316812799
ORI,,9.94,11.98,10.96,37.36000061035156,37.23,-0.35,9.282839552,9.2505381
ORLY,110.52,,37.22,73.87,103.33000183105469,103.23,-0.1,87.71280896,87.62792020416
OSK,,1.93,10.66,6.295,134.36000061035156,134.53,0.13,8.599079936,8.609960359
OTIS,,14.51,18.51,16.51,87.47000122070312,87.32,-0.17,34.329788416,34.27091769856
OVV,,4.85,22.23,13.54,39.900001525878906,39.91,0.03,10.255776768,10.25834635072
OXY,,17.42,64.04,40.730000000000004,44.31999969482422,44.23,-0.2,43.630379008,43.5417812
OZK,,6.17,,6.17,47.9900016784668,47.94,-0.1,5.405641728,5.40000954
PAG,64.7,15.81,9.68,15.81,174.8300018310547,174.32,-0.29,11.54654208,11.512859808
PANW,3.93,,21.0,12.465,167.05999755859375,167.6,0.32,111.585386496,111.9460736
PATH,,,0.16,0.16,10.65999984741211,10.74,0.75,5.703515648,4.91447346816
PAYC,14.43,8.05,8.0,8.05,229.85000610351562,229.82,-0.01,12.930579456,12.928891812
PAYX,39.35,107.51,34.19,39.35,141.19000244140625,141.03,-0.11,50.862850048,50.80521132
PCAR,,15.67,35.69,25.68,97.33999633789062,97.35,0.01,51.113525248,51.11877782879999
PCTY,,,5.25,5.25,176.94000244140625,176.95,0.01,9.760293888,9.76084512
PEG,259.95,37.59,14.58,37.59,87.68000030517578,87.75,0.08,43.759333376,43.79427
PEGA,5.04,1.76,4.69,4.69,51.220001220703125,51.24,0.04,8.762768384,8.76619003008
PEN,1.78,,2.99,2.3850000000000002,240.49000549316406,240.32,-0.07,9.378893824,9.372263712
PENN,45.99,,-2.28,21.855,16.959999084472656,17.01,0.29,2.47624448,2.47706424
PEP,575.4,338.47,147.3,338.47,145.2100067138672,144.81,-0.28,198.804127744,198.25648406784
PFGC,23.21,,9.08,16.145,96.94000244140625,97.06,0.12,15.131462656,15.15019323648
PH,46.26,14.13,41.35,41.35,727.739990234375,727.29,-0.06,92.989161472,92.93166162
PHM,31.84,4.46,42.54,31.84,121.63999938964844,121.52,-0.1,23.999328256,23.97565296
PK,20.67,2.09,1.46,2.09,10.170000076293945,10.19,0.2,2.033125376,2.03712366
PKG,30.32,20.03,19.83,20.03,196.42999267578125,196.54,0.06,17.674534912,17.684433352
PLTR,-10.0,,14.61,2.3049999999999997,186.9600067138672,188.66,0.91,443.532705792,429.06188556288
PNR,16.85,3.19,9.23,9.23,102.72000122070312,102.73,0.01,16.838992896,16.84063245184
PODD,3.41,,6.05,4.73,307.1000061035156,305.14,-0.64,21.617534976,21.47956622944
PR,,5.79,21.53,13.66,13.260000228881836,13.26,-0.0,10.631616512,9.31819958784
PRGO,22.75,11.62,8.08,11.62,22.549999237060547,22.63,0.35,3.102496768,3.11350347104
PSA,73.5,41.15,24.86,41.15,281.739990234375,281.72,-0.01,49.43212544,49.42861690624
PSN,18.72,,6.94,12.83,77.61000061035156,77.55,-0.08,8.288282624,8.2818747
PSTG,8.03,,4.59,6.31,58.58000183105469,58.74,0.27,19.14582016,19.19811168
PVH,14.71,0.11,8.15,8.15,72.9000015258789,73.12,0.3,3.504529152,3.515105072
PWR,47.46,1.13,18.52,18.52,386.1499938964844,386.79,0.17,57.538666496,57.63403074
PYPL,106.89,,61.89,84.39,67.6500015258789,67.75,0.15,64.631320576,64.726858416
QCOM,139.06,132.82,200.51,139.06,147.55999755859375,147.4,-0.11,159.2172544,159.04460943360002
QDEL,52.79,,5.06,28.925,23.90999984741211,23.89,-0.08,1.6235008,1.62214284944
QGEN,4.42,2.48,12.89,4.42,48.040000915527344,48.12,0.17,10.416705536,10.43405208
QRVO,6.98,,9.66,8.32,88.08999633789062,87.88,-0.24,8.16191744,8.14246023552
QS,-0.5,,-4.06,-2.28,8.760000228881836,8.8,0.46,4.958352896,4.601863270400001
QXO,-37.14,,3.5,-16.82,19.280000686645508,19.3,0.1,12.924020736,12.9374267456
R,121.69,3.13,19.48,19.48,177.6999969482422,177.55,-0.08,7.248489472,7.24237103
RAL,,,,,45.0,,,5.084550144,
RARE,-14.51,,-6.64,-10.575,27.540000915527344,27.52,-0.07,2.654073856,2.652146432
RBA,32.79,6.38,8.71,8.71,114.11000061035156,113.83,-0.25,21.222520832,21.12673508064
RBC,4.49,,4.18,4.335,398.07000732421875,398.33,0.07,12.564124672,12.572330458
RBLX,-4.86,,-10.01,-7.4350000000000005,128.7100067138672,129.19,0.37,89.227821056,83.33181637055999
RBRK,,,-6.72,-6.72,87.41000366210938,87.65,0.27,16.913222656,10.83029695
RCL,93.09,9.71,55.27,55.27,301.44000244140625,299.63,-0.6,81.879547904,81.38789764
RDDT,,,3.91,3.91,215.44000244140625,216.21,0.36,40.320888832,29.09883906
REG,,8.4,5.11,6.755000000000001,71.91999816894531,72.11,0.26,13.136187392,13.09178625312
REGN,214.25,50.03,64.17,64.17,563.0,564.11,0.2,59.670679552,58.7633387
REXR,14.27,6.39,3.74,6.39,36.720001220703125,36.73,0.03,8.991039488,8.69296256
REYN,24.33,22.03,6.28,22.03,22.850000381469727,22.78,-0.31,4.8059264,4.79120331776
RF,,24.19,,24.19,24.920000076293945,24.93,0.04,22.236315648,22.24523764224
RGA,,12.15,15.19,13.67,186.4499969482422,186.15,-0.16,12.323188736,12.30336087
RGEN,1.36,,1.7,1.53,111.43000030517578,111.55,0.11,6.26878464,6.27553528
RGLD,,3.73,4.64,4.185,168.97000122070312,168.66,-0.18,11.123480576,11.103073326
RH,7.49,,2.1,4.795,215.0399932861328,215.41,0.17,4.028215296,4.035146284
RHI,,4.97,2.35,3.66,34.20000076293945,34.22,0.06,3.47947392,3.48150858
RITM,,7.53,,7.53,12.270000457763672,12.26,-0.08,6.50668288,6.50137992
RIVN,-10.18,,-30.1,-20.14,11.789999961853027,11.88,0.76,14.30633984,14.3690976
RJF,,9.75,,9.75,164.9199981689453,164.98,0.04,32.882409472,32.894372319999995
RKT,,,-8.96,-8.96,16.809999465942383,16.86,0.3,35.48069888,2.333424
RL,21.26,2.67,13.59,13.59,288.260009765625,287.68,-0.2,17.461147648,11.13120224
RLI,,2.89,4.13,3.51,66.54000091552734,66.62,0.12,6.110335488,6.117681556480001
RMD,33.27,12.72,25.1,25.1,283.8999938964844,283.68,-0.08,41.627406336,41.59514962944
RNG,8.36,,3.32,5.84,28.75,27.88,-3.03,2.60310272,2.250981016
RNR,,13.36,60.15,36.754999999999995,240.3699951171875,240.38,0.0,11.313302528,11.313773156
ROIV,8.4,,-9.48,-0.54,11.489999771118164,11.47,-0.17,7.845555712,7.828492654720001
ROK,39.71,8.93,12.98,12.98,333.2300109863281,332.98,-0.08,37.466382336,37.43827332
ROKU,-0.66,,3.5,1.42,83.20999908447266,83.11,-0.12,12.259412992,10.82524372
ROL,14.29,22.64,8.79,14.29,58.63999938964844,58.58,-0.1,28.419289088,28.3902112
ROP,65.95,19.18,35.03,35.03,534.3800048828125,535.54,0.22,57.506770944,57.63160155999999
ROST,60.53,15.68,35.42,35.42,145.22000122070312,144.92,-0.21,47.497252864,47.39913047935999
RPM,17.12,5.3,6.94,6.94,119.6500015258789,119.59,-0.05,15.360188416,15.35248584
RPRX,,22.11,,22.11,37.58000183105469,37.59,0.03,21.915680768,16.24989356928
RRC,,2.16,5.61,3.8850000000000002,34.58000183105469,34.6,0.06,8.236645376,8.2414088768
RRX,28.54,1.67,7.51,7.51,139.0,138.31,-0.5,9.226013696,9.180215602
RS,50.7,5.93,9.95,9.95,285.0299987792969,285.04,0.0,14.99072512,14.991251240000002
RSG,150.99,26.07,38.84,38.84,235.2100067138672,234.92,-0.12,73.43632384,73.34578272
RTX,313.84,110.53,103.26,110.53,154.86000061035156,155.09,0.15,207.286304768,207.59417356288
RVMD,-17.11,,-9.84,-13.475,35.0,35.14,0.4,6.542654464,6.56882533888
RVTY,19.36,0.95,8.79,8.79,86.83999633789062,86.93,0.1,10.079778816,10.09022589
RYAN,,2.85,4.08,3.465,58.4900016784668,58.36,-0.22,15.441302528,7.4724144
RYN,,2.83,5.22,4.025,26.049999237060547,25.88,-0.65,4.085890304,4.00521447296
SARO,,,3.84,3.84,27.56999969482422,27.62,0.18,9.221117952,9.23784088192
SBUX,143.64,97.38,43.52,97.38,92.12000274658203,91.95,-0.18,104.7128064,104.51956794240002
SCCO,,53.47,55.4,54.435,100.0999984741211,100.12,0.02,80.487202816,80.50328495616
SCHW,,54.45,,54.45,97.08000183105469,97.16,0.08,176.39145472,176.53680364544
SF,,4.36,,4.36,111.63999938964844,111.67,0.03,11.406594048,11.40965891
SFD,,,15.34,15.34,25.530000686645508,25.36,-0.67,10.036174848,9.96934547712
SGI,11.42,3.12,1.89,3.12,74.94999694824219,74.87,-0.11,15.633444864,15.616758351040001
SHC,6.88,,4.97,5.925,13.970000267028809,14.02,0.36,3.965454592,3.9796472121599997
SJM,51.44,30.48,16.41,30.48,110.72000122070312,110.64,-0.07,11.812052992,11.80351776
SMCI,-36.61,,19.49,-8.56,44.599998474121094,45.67,2.4,26.61808128,27.256677329280002
SMMT,16.46,,-2.78,6.840000000000001,28.65999984741211,28.51,-0.52,21.284806656,21.17340720384
SNA,18.5,12.33,13.83,13.83,321.79998779296875,321.57,-0.07,16.78618112,16.774184538
SNOW,-22.3,,-18.03,-20.165,191.72999572753906,193.77,1.06,63.972245504,64.65290755968
SNPS,-21.23,,25.31,2.039999999999999,619.4199829101562,620.05,0.1,114.619949056,114.73653219999998
SNV,,4.47,,4.47,47.869998931884766,47.88,0.02,6.644547584,6.64593552
SNX,16.34,5.06,21.35,16.34,146.57000732421875,147.08,0.35,12.08720384,12.129261656320002
SO,842.75,114.92,50.72,114.92,94.69000244140625,94.7,0.01,104.163745792,104.1747395456
SOFI,,,,,22.100000381469727,22.1,-0.0,26.463645696,26.4355772928
SOLV,,,10.9,10.9,73.38999938964844,73.53,0.19,12.724872192,12.74914669824
SON,,15.44,7.64,11.54,45.43000030517578,45.33,-0.22,4.480811008,4.47094794432
SPB,53.39,1.12,2.3,2.3,56.33000183105469,56.38,0.09,1.363580416,1.36479066
SPGI,69.64,25.11,61.08,61.08,556.8699951171875,557.46,0.11,170.012409856,170.192538
SPOT,-17.06,,28.86,5.9,705.8900146484375,704.74,-0.16,145.256628224,145.01998772
SPR,0.48,,-19.67,-9.595,39.900001525878906,39.86,-0.1,4.685018112,4.68032134
SSB,,8.71,,8.71,92.22000122070312,92.24,0.02,9.33349376,9.33551816
SSNC,27.57,8.15,22.38,22.38,86.80000305175781,86.79,-0.01,21.198383104,21.19593989568
STAG,13.17,5.16,2.93,5.16,34.630001068115234,34.63,-0.0,6.603802624,6.46531683296
STE,,7.19,18.22,12.705,242.85000610351562,241.3,-0.64,23.918442496,23.76578178
STLD,76.15,4.49,12.41,12.41,123.0199966430664,123.04,0.02,18.262810624,18.26578016
STT,,15.64,,15.64,111.08000183105469,111.13,0.05,31.51284224,31.527026239039998
STWD,,9.75,,9.75,19.8799991607666,19.84,-0.2,7.489571328,7.28403791872
STZ,105.97,21.93,31.04,31.04,170.60000610351562,170.75,0.09,30.080362496,30.0974195
SUI,,10.33,9.55,9.940000000000001,125.33000183105469,125.35,0.02,16.342781952,15.68817925
SW,,30.32,38.34,34.33,43.630001068115234,43.67,0.09,22.7803136,22.80119840064
SWK,41.36,9.33,7.83,9.33,69.31999969482422,69.17,-0.22,10.730181632,10.70696264
SWKS,13.99,17.19,12.94,13.99,71.08000183105469,70.81,-0.38,10.550262784,10.51018668
SYF,,7.43,,7.43,69.43000030517578,69.51,0.12,25.831985152,25.86175046784
SYK,,37.6,70.3,53.95,377.5799865722656,377.85,0.07,144.35147776,144.45470297280002
SYY,76.72,25.17,36.74,36.74,80.6500015258789,80.67,0.02,38.510051328,38.51960232
T,1924.96,381.3,425.07,425.07,28.079999923706055,28.07,-0.04,200.782938112,200.7114405632
TDC,7.79,,3.87,5.83,20.530000686645508,20.53,-0.0,1.94008512,1.940085
TDY,16.37,,18.86,17.615000000000002,545.9299926757812,546.37,0.08,25.59783936,25.618469745
TEAM,3.33,,1.14,2.235,168.05999755859375,168.36,0.18,44.116758528,27.820646853120003
TEM,,,-2.72,-2.72,60.869998931884766,61.2,0.54,10.537570304,10.2860064
TER,12.43,1.5,10.21,10.21,107.47000122070312,107.58,0.1,17.099660288,17.11318092
TFSL,,11.62,,11.62,12.710000038146973,12.7,-0.08,3.569438208,3.5666297983999997
TFX,19.59,1.44,10.33,10.33,118.41000366210938,118.25,-0.14,5.232869376,5.2257986
TGT,157.05,35.25,83.79,83.79,105.4000015258789,105.06,-0.32,47.890178048,47.73569364096
THC,49.15,,47.08,48.114999999999995,165.5800018310547,165.88,0.18,14.629158912,14.65566388
TLN,,,1.83,1.83,374.67999267578125,374.96,0.07,17.11736832,17.130160088
TMO,340.33,24.44,115.04,115.04,460.7200012207031,460.71,-0.0,173.973405696,173.96962452
TMUS,1020.94,194.15,298.85,298.85,244.97999572753906,244.58,-0.16,275.705397248,275.25523142656
TPL,,2.26,4.52,3.3899999999999997,862.0999755859375,857.53,-0.53,19.817351168,19.712299369
TPR,-55.68,5.55,15.46,5.55,109.08999633789062,109.36,0.25,22.65690112,22.7129784
TRGP,108.2,13.39,12.46,13.39,165.08999633789062,165.16,0.04,35.526045696,35.54111072
TSLA,103.48,,159.8,131.64000000000001,329.6499938964844,329.19,-0.14,1063.350173696,1061.78588023296
TTEK,5.25,1.54,5.71,5.25,36.869998931884766,36.91,0.11,9.688439808,9.69895113472
TTWO,19.87,,6.16,13.015,217.3699951171875,218.07,0.32,40.09824256,40.2273729
TXG,-1.16,,-1.11,-1.135,12.289999961853027,12.25,-0.33,1.513316864,1.36088925
TXN,163.91,251.33,102.45,163.91,187.22000122070312,187.04,-0.1,170.208641024,170.04498896895998
TXRH,15.04,7.95,7.85,7.95,172.83999633789062,175.02,1.26,11.485321216,11.611124334
TXT,35.8,0.26,12.5,12.5,77.0199966430664,77.08,0.08,13.72534784,13.73604078336
U,-1.7,,-1.91,-1.805,33.25,33.3,0.15,14.048723968,14.069849932799999
UA,,,3.44,3.44,5.190000057220459,5.25,1.16,2.267381248,1.064952
UAA,,,3.44,3.44,5.440000057220459,5.51,1.29,2.267381248,1.0404147740799998
UAL,316.58,,66.91,191.745,89.29000091552734,89.43,0.16,28.906031104,28.951352760000002
UBER,69.14,,72.43,70.785,89.55999755859375,89.62,0.07,186.770210816,186.89534326784
UDR,22.91,11.24,4.33,11.24,38.09000015258789,38.06,-0.08,14.373147648,12.611067124480002
UGI,52.91,5.24,7.87,7.87,35.11000061035156,35.15,0.11,7.545981952,7.5545786
UHS,64.66,0.93,27.2,27.2,172.3000030517578,172.81,0.3,11.103081472,9.882952057
UI,7.09,4.19,10.65,7.09,469.2099914550781,467.48,-0.37,28.383076352,28.278426176
ULTA,,,20.56,20.56,498.2099914550781,499.34,0.23,22.392346624,22.443135904
UNH,761.51,641.77,399.4,641.77,250.88999938964844,250.81,-0.03,227.592339456,227.51977537408
UNM,,29.51,21.59,25.55,69.38999938964844,69.38,-0.01,11.818018816,11.81631538496
UNP,235.26,64.73,92.02,92.02,222.24000549316406,222.3,0.03,131.797213184,131.832792
UPS,224.02,91.88,93.5,93.5,86.66999816894531,86.55,-0.14,73.4588928,63.704522342400004
URI,116.56,5.65,31.66,31.66,858.969970703125,859.02,0.01,55.267160064,55.270377624
USFD,29.56,,13.55,21.555,80.05999755859375,80.11,0.06,18.027270144,18.03852892
UTHR,21.8,,24.29,23.045,301.5,301.23,-0.09,13.635729408,13.623518349
UWMC,,1.22,-3.58,-1.1800000000000002,4.519999980926514,4.49,-0.66,9.868606464,0.98167118592
V,438.6,113.4,260.96,260.96,336.7799987792969,336.65,-0.04,653.669761024,571.8606435455999
VEEV,,,16.77,16.77,282.1300048828125,282.29,0.06,46.10342912,46.12957348
VFC,6.2,2.33,4.22,4.22,11.829999923706055,11.86,0.25,4.620999168,4.6327175251199995
VICI,59.33,41.28,19.48,41.28,32.900001525878906,32.96,0.18,35.083575296,35.14755467264
VIK,,,13.79,13.79,56.58000183105469,56.61,0.05,25.073881088,17.854058522880003
VIRT,16.78,3.45,,10.115,42.439998626708984,42.53,0.21,9.037852672,3.5970894108800002
VKTX,,,,,37.88999938964844,37.61,-0.74,4.260540928,4.22905645
VLO,140.18,24.07,26.73,26.73,133.2899932861328,133.4,0.08,41.406803968,41.4409768
VLTO,,,12.09,12.09,107.69999694824219,107.68,-0.02,26.726938624,26.721975618560002
VMC,58.68,6.42,13.82,13.82,286.5199890136719,286.34,-0.06,37.856165888,37.83238616
VMI,12.48,0.99,5.36,5.36,368.20001220703125,368.08,-0.03,7.267716096,7.26534708
VNO,,1.69,1.76,1.725,36.90999984741211,37.04,0.35,7.704925184,7.113198343680001
VNOM,,,4.76,4.76,37.810001373291016,37.73,-0.21,10.909734912,4.94576159
VNT,9.77,0.44,8.53,8.53,40.54999923706055,40.56,0.02,5.9486848,5.950152
VOYA,,4.64,6.25,5.445,71.04000091552734,71.28,0.34,6.84952064,6.872660784
VRSK,31.46,6.23,11.82,11.82,265.0400085449219,265.02,-0.01,37.030068224,37.02727142016
VRSN,33.72,33.12,15.38,33.12,271.8900146484375,271.96,0.03,25.396865024,25.403402855999996
VRT,11.41,0.68,17.48,11.41,139.92999267578125,139.92,-0.01,53.434646528,53.43083175935999
VRTX,146.39,,68.71,107.54999999999998,366.5400085449219,374.15,2.08,93.97755904,95.9286956432
VST,141.81,4.19,42.47,42.47,202.1199951171875,203.38,0.62,68.585783296,69.01334216
VSTS,,,1.0,1.0,4.829999923706055,4.87,0.83,0.6367872,0.6420608
VTR,48.58,16.38,7.92,16.38,68.56999969482422,68.54,-0.04,31.163076608,31.149442888320003
VTRS,277.14,16.76,40.75,40.75,9.699999809265137,9.73,0.31,11.30893824,11.34391463296
VVV,24.17,,5.32,14.745000000000001,38.400001525878906,38.16,-0.63,4.881216,4.8507084
VZ,3594.64,1279.6,462.67,1279.6,43.150001525878906,43.12,-0.07,181.934211072,181.8077184
W,4.69,,-3.61,0.5400000000000003,72.37000274658203,72.38,0.01,9.38356736,7.600117139999999
WAB,24.75,3.22,18.72,18.72,191.4199981689453,191.21,-0.11,32.723820544,32.68792160032
WAL,,3.17,,3.17,79.16999816894531,79.3,0.16,8.7406848,8.7550372
WAT,18.65,,12.81,15.73,281.20001220703125,280.86,-0.12,16.738178048,16.717938726
WBA,117.81,31.49,11.12,31.49,11.9399995803833,11.94,0.0,10.334797824,10.33479862656
WBD,320.16,,71.53,195.84500000000003,10.90999984741211,10.99,0.73,27.01065216,27.20871353088
WBS,,6.84,,6.84,55.849998474121094,55.77,-0.14,9.331586048,9.31821935616
WCC,22.88,1.02,8.34,8.34,204.27999877929688,204.55,0.13,9.940815872,9.953955285
WDAY,11.08,,18.89,14.985,222.07000732421875,222.21,0.06,59.202973696,47.94158351232
WDC,21.58,2.94,38.48,21.58,74.97000122070312,75.06,0.12,26.155384832,26.18678388096
WEC,197.17,37.59,12.49,37.59,110.3499984741211,110.35,0.0,35.51791104,35.517911334400004
WELL,16.07,36.46,22.5,22.5,168.02999877929688,168.07,0.02,112.382828544,112.40958313088
WEN,44.43,,2.39,23.41,10.09000015258789,10.07,-0.2,1.93753216,1.9336916694400001
WEX,22.85,,12.78,17.815,168.25999450683594,168.01,-0.15,5.765310976,5.756745043
WFC,,122.54,,122.54,77.8499984741211,77.97,0.15,249.387810816,249.77222678016
WFRD,13.37,0.74,6.22,6.22,55.439998626708984,55.42,-0.04,3.982532352,3.9810957
WH,8.03,4.42,4.82,4.82,83.95999908447266,83.96,0.0,6.410866688,6.410866551999999
WHR,82.61,11.37,7.46,11.37,83.70999908447266,83.65,-0.07,4.678920192,4.67556656
WING,-0.39,0.52,1.35,0.52,315.3599853515625,316.3,0.3,8.806048768,8.83229794
WLK,57.21,6.09,7.94,7.94,79.0,79.03,0.04,10.131434496,10.13528138
WM,215.97,42.01,47.29,47.29,235.08999633789062,234.65,-0.19,94.701305856,94.5240632544
WMB,207.61,55.99,11.51,55.99,57.88999938964844,58.05,0.28,70.694109184,70.88950085759998
WMS,12.06,0.93,7.61,7.61,131.41000366210938,131.74,0.25,10.217469952,10.243127524
WMT,1360.93,230.33,419.5,419.5,103.7300033569336,103.24,-0.47,827.809005568,823.89857071104
WOLF,74.36,,-9.89,32.235,1.4800000190734863,1.48,-0.0,0.230327968,0.23032797184
WPC,,16.19,5.54,10.865,65.87999725341797,65.9,0.03,14.427126784,14.431507427200001
WRB,,12.97,24.43,18.7,70.62999725341797,70.48,-0.21,26.789462016,26.73257007616
WSC,21.38,0.89,2.94,2.94,24.350000381469727,24.37,0.08,4.433526272,4.43716794496
WSM,20.37,6.53,19.32,19.32,199.4199981689453,199.79,0.19,24.52826112,24.57377042
WSO,3.67,9.17,7.74,7.74,410.8299865722656,410.73,-0.02,16.778420224,14.328398196
WST,21.77,1.57,10.7,10.7,240.97999572753906,240.95,-0.01,17.32822016,17.326062971200002
WTFC,,4.36,,4.36,123.83999633789062,123.78,-0.05,8.291372544,8.287355694
WTM,,0.28,,0.28,1751.6199951171875,1754.67,0.17,4.510701568,4.5185559972
WTRG,68.72,8.15,3.85,8.15,38.779998779296875,38.77,-0.03,10.876587008,10.87378281984
WTW,-20.1,15.33,21.48,15.33,327.8500061035156,327.18,-0.2,31.981113344,31.91575464
WU,-0.48,14.15,7.13,7.13,8.039999961853027,8.04,0.0,2.596654848,2.59665474432
WWD,8.15,1.09,5.03,5.03,248.4499969482422,248.35,-0.04,14.898601984,14.89260577
WY,,9.72,5.89,7.805,25.479999542236328,25.47,-0.04,18.384099328,18.376884558719997
WYNN,68.06,2.22,10.27,10.27,106.41000366210938,106.42,0.01,11.064193024,11.06523234
XRAY,36.48,3.54,6.18,6.18,12.960000038146973,12.98,0.15,2.585312768,2.58930232
