Ticker,Beta,Cost of Equity,Cost of Debt,WACC,Growth_Rate,Last_Projected_FCFF,DCF Value (B)
A,1.219,0.1005,0.0234,0.0945,0.08,3042246718.86,38.82
AA,2.241,0.1496,0.0826,0.1367,0.05,1327519487.02,10.84
AAL,1.431,0.1107,0.0308,0.0422,0.0,9942521663.78,431.02
AAON,0.943,0.0873,0.0025,0.0868,0.05,408456440.43,5.85
AAP,1.077,0.0937,0.0089,0.0523,0.0,-480871772.03,-14.34
AAPL,1.165,0.0979,0.0166,0.0948,0.004,137717259671.14,1775.33
ABBV,0.503,0.0661,0.025,0.0587,0.08,37264800384.0,920.06
ABNB,1.133,0.0964,0.0561,0.0951,,,
ABT,0.705,0.0758,0.0222,0.0718,0.0,11580000000.0,215.49
ACGL,0.475,0.0648,0.0403,0.0629,,,
ACHC,0.883,0.0844,0.0371,0.0617,0.08,1202607364.46,27.54
ACI,0.314,0.0571,0.026,0.0397,0.0,5345324165.71,261.1
ACM,0.995,0.0898,0.0651,0.086,0.0,543118155.54,7.94
ACN,1.29,0.1039,0.0134,0.1018,0.09,16091759998.16,186.5
ADBE,1.517,0.1148,0.0191,0.1118,0.09,12136722176.84,125.15
ADC,0.55,0.0684,0.0231,0.0605,,,
ADI,1.052,0.0925,0.0214,0.0884,0.0,3426047516.14,48.32
ADM,0.662,0.0738,0.0198,0.0589,0.06,9127504548.43,224.61
ADP,0.82,0.0814,0.0193,0.0798,0.0,3775911984.71,60.89
ADSK,1.468,0.1125,0.0132,0.1078,0.09,2951303719.55,31.84
ADT,1.213,0.1002,0.0371,0.0633,0.0,2751245469.2,61.22
AEE,0.461,0.0641,0.0222,0.0502,0.03,8104671838.34,257.73
AEP,0.388,0.0606,0.0258,0.0474,0.03,18935319819.5,663.73
AES,0.956,0.0879,0.0385,0.055,0.03,10059965001.91,276.0
AFG,0.735,0.0773,0.0378,0.0712,,,
AFL,0.814,0.0811,0.0236,0.0739,,,
AFRM,3.631,0.2163,0.021,0.201,0.0,-1214473000.0,-6.51
AGCO,1.206,0.0999,0.0124,0.0854,0.05,2706643012.5,39.58
AGNC,1.274,0.1032,0.4702,0.1078,,,
AGO,0.863,0.0834,0.0411,0.071,,,
AIG,0.645,0.073,0.0342,0.0571,,,
AIZ,0.579,0.0698,0.0401,0.0646,,,
AJG,0.686,0.0749,0.0271,0.071,0.0,-11027055835.29,-208.41
AKAM,0.765,0.0787,0.02,0.0657,0.09,3060255261.37,63.85
AL,1.418,0.1101,0.0023,0.0311,0.05,7254126626.1,627.58
ALAB,,,,,,,
ALB,,,0.0193,,0.05,1635559742.25,
ALGM,1.742,0.1256,0.0476,0.125,0.09,223202731.94,2.01
ALGN,1.611,0.1193,,,0.0,651026179.24,
ALK,1.456,0.1119,0.0226,0.0758,0.0,3158165137.61,54.57
ALL,0.343,0.0585,0.0327,0.0552,,,
ALLE,1.061,0.0929,0.0275,0.0868,0.0,434427547.22,6.27
ALLY,1.148,0.0971,0.0879,0.0916,,,
ALNY,0.252,0.0541,0.1133,0.0551,0.0,-133534068.42,-3.66
ALSN,0.96,0.0881,0.0365,0.0749,0.0129,820395063.93,14.38
AM,0.97,0.0886,0.0443,0.077,0.0,912711097.1,15.44
AMAT,1.694,0.1233,0.0324,0.1199,0.0095,7746872365.65,74.74
AMCR,0.735,0.0773,0.0179,0.0634,0.0,2290395810.36,50.85
AMD,1.94,0.1351,0.0406,0.1349,0.09,4934603503.66,40.52
AME,1.103,0.0949,0.0233,0.0905,0.05,1645593231.46,22.31
AMED,0.901,0.0852,0.0138,0.0751,0.0,66118156.33,1.16
AMG,1.146,0.097,0.0353,0.0789,0.06,1012389324.5,16.42
AMGN,0.48,0.065,0.0284,0.0585,0.08,24107999553.14,598.33
AMH,0.732,0.0771,0.0233,0.0657,0.0399,771240886.12,16.18
AMKR,1.856,0.1311,0.0309,0.1123,0.0221,2021481357.21,21.04
AMP,1.233,0.1012,0.029,0.0941,,,
AMT,0.832,0.0819,0.0132,0.0579,0.04,9235301182.77,233.74
AMTM,,,0.9989,,,,
AMZN,1.314,0.1051,0.0123,0.1008,0.07,234133691948.03,2757.66
AN,0.895,0.085,0.0189,0.0585,0.0169,1927598792.19,48.14
ANET,1.37,0.1078,0.0,0.1078,0.0,-31729715.87,-0.35
ANGI,1.706,0.1239,0.0363,0.0899,0.0,126186000.0,1.74
ANSS,1.189,0.0991,0.0114,0.0969,0.0,32252736.45,0.4
AON,0.832,0.0819,0.0244,0.0752,0.06,4527016725.41,78.38
AOS,1.22,0.1006,0.0155,0.0988,0.0427,897578766.71,10.9
APA,1.229,0.101,0.0426,0.0709,,,
APD,0.818,0.0813,0.0136,0.0736,0.041,10987255610.97,196.44
APG,1.568,0.1173,0.0253,0.1067,0.0,754666666.67,8.4
APH,1.133,0.0964,0.019,0.0937,0.0,1980721355.29,25.93
APLS,0.768,0.0789,0.0498,0.077,0.0,-247486000.0,-4.19
APO,1.607,0.1191,0.0523,0.1095,,,
APP,2.427,0.1585,0.0245,0.1557,0.0023,1756118146.78,12.51
APPF,0.955,0.0878,,,0.0,93119000.0,
APTV,1.484,0.1132,0.0266,0.0929,0.07,5343669459.26,69.82
AR,0.645,0.073,0.0259,0.0563,,,
ARE,1.253,0.1021,0.0122,0.0642,,,
ARES,1.419,0.1101,0.0186,0.0947,0.06,166313159.2,2.12
ARMK,1.396,0.109,0.0417,0.0801,0.05,2741023474.41,43.63
ARW,1.097,0.0947,0.0396,0.0783,0.09,465684919.65,7.6
AS,,,0.0333,,0.07,887247576.12,
ASH,0.482,0.0651,0.0259,0.0467,0.05,875164500.0,31.44
ASTS,2.325,0.1536,0.013,0.1535,0.0,-468938000.0,-3.4
ATI,1.198,0.0995,0.0418,0.0906,0.05,986704681.3,13.36
ATO,0.683,0.0748,0.0087,0.0601,0.03,4761720623.12,114.01
ATR,0.574,0.0696,0.0192,0.0636,0.08,1072857649.05,23.49
AU,0.473,0.0647,0.0415,0.0631,0.0,2077340311.0,46.44
AUR,2.501,0.162,,,0.09,-1002352446.0,
AVB,0.866,0.0836,0.0211,0.0688,0.04,2560041521.02,50.29
AVT,1.075,0.0936,0.0467,0.0815,0.0,1670611494.96,26.2
AVTR,0.962,0.0882,0.0245,0.0581,0.08,2332446271.13,58.5
AVY,0.888,0.0846,0.0179,0.072,0.0,1256988841.11,23.3
AWI,1.428,0.1105,0.0269,0.1041,0.05,478937977.89,5.44
AWK,0.644,0.0729,0.0288,0.0605,0.03,6881598240.99,163.14
AXON,1.362,0.1074,0.0189,0.1074,0.0,1197561099.46,13.23
AXP,1.283,0.1036,0.0248,0.0906,,,
AXS,0.832,0.0819,0.0344,0.0743,,,
AXTA,1.272,0.1031,0.0275,0.074,0.05,1158255158.77,20.53
AYI,1.644,0.1209,0.0343,0.1161,0.0,197520524.97,1.99
AZEK,1.818,0.1293,0.0289,0.1236,0.05,555773942.23,5.12
AZO,0.378,0.0601,0.0193,0.0557,0.0,4320209681.66,116.55
AZTA,1.587,0.1182,0.0245,0.112,0.0,636674618.3,6.68
BAC,1.315,0.1051,0.0123,0.0614,,,
BALL,1.082,0.0939,0.0261,0.0697,0.0,696908411.21,13.52
BKR,0.923,0.0863,0.0351,0.0793,0.0166,4854011390.62,78.72
CACC,1.134,0.0964,,,0.06,-1148389953.04,
CAG,0.077,0.0457,0.0329,0.0393,0.06,4043151492.23,200.94
CAR,2.183,0.1468,0.0097,0.0416,0.0,14423057480.02,642.6
CARR,1.256,0.1023,0.0247,0.0904,0.0,13465195250.66,184.54
CASY,0.688,0.075,,,0.07,1820435772.31,
CAT,1.397,0.1091,0.0102,0.0931,0.05,16995293627.41,222.23
CAVA,2.672,0.1703,0.2476,0.1704,0.0,213794000.0,1.38
CBOE,0.456,0.0639,0.0265,0.062,0.0,539187903.67,12.37
CBRE,1.347,0.1067,0.0128,0.0989,0.04,3151959434.3,38.24
CBSH,0.606,0.0711,0.8092,0.0722,,,
CC,1.59,0.1183,0.0367,0.0623,0.05,1258320144.69,28.5
CCCS,0.738,0.0774,0.0546,0.0746,0.09,26480168.27,0.46
CCI,0.912,0.0858,0.0185,0.0607,0.0,4771000000.0,112.93
CCK,0.739,0.0775,0.0309,0.061,0.0107,1923658997.56,45.14
CCL,2.707,0.1719,0.0365,0.1078,0.07,15657274583.0,169.58
CDW,0.94,0.0871,0.0162,0.0689,0.0,1002113013.79,19.75
CE,1.104,0.095,0.0171,0.0604,0.05,3645361125.0,86.45
CEG,1.142,0.0968,0.0286,0.0919,0.03,7254721986.74,96.8
CELH,1.395,0.109,0.6184,0.1091,0.0,115737141.1,1.25
CERT,1.424,0.1104,0.0431,0.1004,0.08,167886937.36,1.98
CF,0.923,0.0863,0.0372,0.0755,0.0,3428249148.69,59.55
CFLT,0.959,0.088,,,0.0576,-438250420.55,
CG,1.888,0.1326,0.0271,0.1035,,,
CHE,0.46,0.0641,0.0046,0.0612,0.08,591723336.49,13.72
CHH,0.968,0.0885,0.0333,0.0794,0.0,58505171.57,0.95
CHTR,1.022,0.0911,0.0347,0.0503,0.0632,36588163095.42,1156.66
CL,0.353,0.0589,0.0118,0.0541,0.06,6530641191.6,183.42
CMA,0.964,0.0883,0.0161,0.0706,,,
CMCSA,0.922,0.0863,0.0338,0.0621,0.08,58337862386.9,1323.37
CMG,1.049,0.0924,,,0.07,2966924649.49,
CMI,1.007,0.0903,0.019,0.0846,0.0,3856032225.17,57.58
CNC,0.4,0.0612,0.0232,0.0368,0.08,5862478599.17,334.52
CNM,1.042,0.092,0.0477,0.0869,0.05,705928552.64,10.09
CNP,0.572,0.0695,0.026,0.0526,0.0,6449354200.99,190.5
CNXC,0.583,0.07,0.0227,0.0599,0.09,1791317796.97,42.85
COIN,3.712,0.2202,0.0066,0.2112,,,
COLB,0.695,0.0754,0.0694,0.0749,,,
COLD,0.822,0.0815,0.0229,0.055,0.0273,884359456.39,24.27
COLM,0.992,0.0896,,,0.0663,599542109.73,
COO,1.001,0.09,0.0123,0.0826,0.0426,1222721165.74,18.71
COOP,0.978,0.0889,0.0544,0.075,0.0,3325107658.16,58.29
COP,0.677,0.0745,0.0446,0.0702,0.0,31162858616.15,598.33
COR,0.579,0.0698,0.0206,0.0645,0.0126,4700000610.83,101.61
COST,0.952,0.0877,0.0133,0.086,0.06,20823549493.71,301.24
COTY,1.991,0.1376,0.0316,0.0757,0.0,931597603.91,16.13
CPAY,0.961,0.0881,0.015,0.0721,0.09,2705542254.34,49.46
CPNG,1.159,0.0976,0.0168,0.0944,0.0401,1172291875.28,15.09
CPRT,1.044,0.0921,0.0309,0.0914,0.0,930524754.07,12.57
CR,1.359,0.1072,0.0041,0.0992,0.0,133407119.65,1.63
CRH,1.195,0.0994,0.0205,0.0882,0.05,12958370510.05,181.68
CRI,0.987,0.0894,0.0304,0.0523,0.0,298461524.01,8.9
CRL,1.481,0.1131,0.02,0.0866,0.0,859465324.54,12.45
CROX,1.408,0.1096,0.0177,0.0925,0.07,1520823507.14,19.98
CRWD,1.132,0.0963,0.0257,0.0958,0.0,-64490000.0,-0.82
CSGP,0.851,0.0828,,,0.04,1586398804.49,
CSX,1.247,0.1019,0.0339,0.0881,0.0353,9862159634.14,138.82
CTRA,0.306,0.0567,0.0141,0.0499,0.0,2936171747.21,94.55
CTVA,0.746,0.0778,0.0212,0.0765,0.05,5073528081.18,85.93
CUBE,0.956,0.0879,0.0193,0.0697,,,
CUZ,1.329,0.1058,0.0231,0.0778,0.0116,901956493.92,15.02
CVNA,3.58,0.2138,0.0241,0.1902,0.0,-360000000.0,-2.05
CVS,0.588,0.0702,0.026,0.0491,0.08,24334385750.26,800.15
CVX,0.841,0.0824,0.0179,0.0765,0.04,57781690511.69,980.07
CW,1.179,0.0986,0.0266,0.0941,0.05,864503859.2,11.15
CXT,1.192,0.0992,0.0484,0.0884,0.05,681714982.74,9.53
DAL,1.559,0.1168,0.0291,0.0732,0.0,12779273293.26,231.56
DAR,1.198,0.0995,0.0302,0.0821,0.06,1881580177.98,28.94
DAY,1.109,0.0952,0.0241,0.0863,0.09,415849310.92,5.96
DDOG,1.021,0.091,0.0206,0.0898,0.09,-872817383.61,-11.88
DE,1.067,0.0932,0.0161,0.0731,0.0,11946810558.33,216.89
DECK,0.991,0.0896,0.0074,0.0884,0.07,862127317.45,12.01
DELL,1.095,0.0946,0.0452,0.0835,0.09,12117360595.17,181.43
DGX,0.459,0.064,0.0252,0.0565,0.0158,2395370365.8,63.1
DHI,1.343,0.1065,,,0.07,1435220748.67,
DHR,0.761,0.0785,0.0078,0.0686,0.08,13591171320.06,266.83
DIS,1.565,0.1171,0.0193,0.0954,0.08,38384687514.18,483.93
DKS,1.095,0.0946,0.0101,0.0768,0.069,2660606707.36,44.71
DLR,0.941,0.0872,0.0155,0.0727,,,
DOX,0.522,0.0671,0.0191,0.0632,0.078,1496244093.5,33.08
DRI,0.746,0.0778,0.0114,0.0664,0.0259,2590928759.47,53.63
DVA,1.088,0.0942,0.0188,0.0517,0.0,2599945971.46,78.97
DVN,1.109,0.0952,0.0455,0.0832,,,
DXCM,1.439,0.1111,0.0069,0.1043,0.0,2564616361.07,29.37
EA,0.717,0.0764,0.0234,0.074,0.08,3802369641.51,67.13
ECL,1.069,0.0933,0.0199,0.0855,0.05,4818351134.13,70.35
ED,0.227,0.0529,0.0286,0.0431,0.03,9939062490.88,413.29
EFX,1.641,0.1208,0.0217,0.1057,0.05,2038734707.79,22.72
EHC,0.736,0.0773,0.0373,0.0682,0.08,2233314533.6,44.21
EIX,0.757,0.0783,0.0247,0.0468,0.03,12064942826.04,432.38
EL,1.176,0.0984,0.0169,0.0822,0.0,3251066062.18,50.41
ELAN,1.664,0.1219,0.0295,0.0819,0.08,1590825234.1,24.48
ELS,0.709,0.076,0.0262,0.0655,0.04,1055027943.42,22.23
ELV,0.588,0.0702,0.0274,0.0592,,,
EME,1.272,0.1031,0.0089,0.1013,0.05,1024830397.78,12.04
EMR,1.311,0.1049,0.0184,0.0974,0.0,8563282178.22,106.78
ENOV,1.808,0.1288,0.0106,0.0613,0.08,342068495.04,7.91
ENPH,1.589,0.1183,0.0342,0.1017,0.0,436341659.29,5.16
ENTG,1.221,0.1006,0.0327,0.095,0.09,1894484055.43,23.97
EOG,0.817,0.0812,0.0238,0.0763,,,
EPAM,1.667,0.122,0.0057,0.1189,0.09,1844155388.23,17.63
EPR,1.338,0.1062,0.0367,0.0767,,,
EQH,1.13,0.0962,0.0376,0.0818,,,
EQIX,0.888,0.0846,0.0177,0.0736,0.04,5330541288.1,95.32
EQR,0.935,0.0869,0.0249,0.0709,0.04,2581770278.12,48.62
EQT,0.593,0.0705,0.0407,0.066,0.0,5392843306.23,112.97
ESAB,1.236,0.1013,0.2744,0.1041,0.0,341980854.39,3.93
ESI,1.257,0.1023,0.0222,0.0823,0.05,525733844.62,8.07
ESS,0.81,0.0809,0.0252,0.0661,0.04,1824834549.86,37.95
ESTC,1.071,0.0934,0.0275,0.0888,0.09,-389780418.48,-5.38
ETR,0.55,0.0684,0.0243,0.0507,0.0167,9900707289.69,310.06
ETSY,1.738,0.1254,0.0033,0.0908,0.07,771007702.97,10.38
EW,1.081,0.0939,0.0211,0.0928,0.0,-167619036.24,-2.22
FANG,1.066,0.0932,0.022,0.0831,0.04,23301341584.18,353.77
FIX,1.491,0.1136,0.0076,0.1114,0.05,953814584.92,9.96
FTI,1.04,0.0919,0.0439,0.084,0.04,1903248716.06,28.49
GLW,1.065,0.0931,0.0303,0.0854,0.0,2961469864.7,43.68
GOOG,1.014,0.0907,0.0096,0.0898,0.08,222826215092.93,3036.94
GOOGL,1.014,0.0907,0.0096,0.0898,0.08,222826215092.93,3036.94
GWW,1.173,0.0983,0.0249,0.0941,0.05,3263108780.43,42.09
H,1.462,0.1122,0.0295,0.0914,0.0,-23063339.73,-0.31
HBAN,0.958,0.088,0.0099,0.0699,,,
HHH,1.219,0.1005,0.022,0.0593,0.0,1097833408.27,26.91
HII,0.319,0.0573,0.0201,0.0479,0.0,719707620.53,24.83
HOOD,2.37,0.1558,0.0011,0.1504,0.0,429000000.0,3.18
HPQ,1.309,0.1048,0.0229,0.0832,0.09,8280583673.14,124.58
HUBB,0.979,0.089,0.0282,0.0851,0.05,1472452202.15,21.63
HUBS,1.665,0.1219,0.0336,0.1193,0.0,84696060.89,0.82
HUM,0.448,0.0635,0.0206,0.0515,,,
HUN,0.713,0.0762,0.0272,0.0496,0.0,1128000000.0,36.69
HWM,1.482,0.1131,0.0471,0.1094,0.05,1951519704.98,20.84
IAC,1.282,0.1035,0.013,0.0645,0.0,24902783.42,0.54
IBKR,1.223,0.1007,6.5541,0.1023,0.0,1039847631.94,12.2
IBM,0.677,0.0745,0.0165,0.0631,0.023,14851915348.44,331.09
ICE,1.12,0.0958,0.0236,0.0873,0.0,6502276185.23,93.2
IDA,0.551,0.0684,0.0342,0.0606,0.03,1782623484.86,42.16
IDXX,1.496,0.1138,0.0228,0.1121,0.08,1732426280.54,17.84
IEX,1.031,0.0915,0.0249,0.0849,0.0,765554997.65,11.38
IFF,1.055,0.0926,0.0187,0.061,0.0,1111438848.92,26.12
ILMN,1.372,0.1079,0.019,0.095,0.08,1161454464.0,14.72
INCY,0.716,0.0764,0.0336,0.0763,0.08,2529104832.58,42.81
INFA,1.148,0.0971,0.0541,0.0883,0.0,-28296082.33,-0.4
INGM,,,0.0479,,0.0,1164942223.2,
INGR,0.709,0.076,0.026,0.0652,0.0,777495166.49,16.58
INSP,1.22,0.1006,0.0493,0.0999,0.0,52033071.92,0.63
INTC,1.218,0.1005,0.0124,0.0737,0.0,34173000000.0,613.47
INTU,1.287,0.1038,0.0092,0.1027,0.0,3854929859.15,45.0
INVH,0.779,0.0794,0.0319,0.065,0.04,2932108061.61,62.48
IONS,0.247,0.0539,0.0028,0.0458,0.08,-647003550.41,-24.01
IP,0.994,0.0897,0.0584,0.0838,0.0,3185000000.0,48.15
IPG,1.041,0.092,0.0281,0.07,0.0,1147274406.63,22.12
IPGP,0.88,0.0842,,,0.09,839516794.57,
IQV,1.3,0.1044,0.0238,0.0811,0.0638,4585408605.47,71.65
IR,1.413,0.1098,0.0199,0.1005,0.0137,1694643526.07,20.26
IRDM,0.764,0.0787,0.0365,0.0624,0.0,467039176.05,10.61
IRM,1.094,0.0945,0.0287,0.0744,0.04,5159564449.65,90.9
ISRG,1.599,0.1188,,,0.08,5656440248.09,
ITT,1.385,0.1085,0.0295,0.1068,0.05,1222650455.1,13.45
ITW,1.108,0.0952,0.0202,0.0881,0.0,4214372229.76,59.7
IVZ,1.512,0.1146,0.0077,0.0598,0.0,721371351.84,17.46
J,0.777,0.0793,0.015,0.0679,0.05,1686778886.9,33.72
JAZZ,0.339,0.0583,0.0358,0.0476,0.0,-256952000.0,-8.96
JBHT,1.284,0.1036,0.0281,0.097,0.0,2667048673.18,33.43
JBL,1.2,0.0996,0.0295,0.0911,0.09,4720504217.19,63.05
JCI,1.311,0.1049,0.021,0.0964,0.05,4605958654.24,57.61
JEF,1.445,0.1114,0.0644,0.0885,0.0,-1657443271.95,-23.34
JHG,1.436,0.1109,0.0228,0.1054,0.06,506079320.85,5.65
JHX,0.889,0.0847,0.0325,0.0818,0.0,942680043.38,14.71
JLL,1.382,0.1083,,,0.04,1389846091.26,
JNJ,0.399,0.0612,0.0043,0.0569,0.0,33857092527.12,883.75
JPM,1.107,0.0951,0.0124,0.0696,,,
K,0.28,0.0554,0.021,0.0479,0.0,1699748488.51,58.65
KBR,0.764,0.0787,0.0298,0.0666,0.0,629587084.15,13.02
KD,1.991,0.1376,0.011,0.0878,0.0,1809510344.83,25.75
KDP,0.465,0.0643,0.0298,0.0567,0.0,2395258620.69,62.86
KEX,1.013,0.0906,0.0247,0.0777,0.05,1235134687.54,20.48
KEY,1.112,0.0954,0.0185,0.065,,,
KEYS,1.116,0.0956,0.0309,0.0913,0.0,945285549.13,12.79
KHC,0.2,0.0516,0.0741,0.0606,0.06,8282325264.0,195.25
KIM,1.325,0.1056,0.0212,0.076,,,
KKR,1.875,0.132,0.0228,0.107,,,
KLAC,1.432,0.1107,0.0351,0.1085,0.0,3085670792.88,33.67
KMB,0.341,0.0584,0.0232,0.0527,0.0459,4997350260.15,146.56
KMI,0.784,0.0796,,,,,
KMPR,1.258,0.1024,0.0307,0.0836,,,
KMX,1.358,0.1072,0.0132,0.0414,0.0,632472313.37,28.44
KNSL,1.121,0.0958,0.0184,0.0955,,,
KNX,1.179,0.0986,0.0075,0.0757,0.04,2202350073.19,37.89
KR,0.58,0.0698,0.0221,0.0558,0.0,8500357271.1,228.68
KRC,1.236,0.1013,0.0148,0.0596,0.04,1798969010.84,43.57
KRMN,,,0.0734,,,,
KSS,1.754,0.1262,0.0303,0.0452,0.0,2236675438.6,85.43
KVUE,0.785,0.0797,0.0,0.0794,0.06,4579523856.59,73.66
LAMR,,,0.0199,,0.0,1120243493.77,
LAZ,1.324,0.1056,0.0285,0.0814,0.0,-68052289.34,-1.07
LDOS,0.661,0.0737,0.0257,0.0641,0.0,2065335570.47,45.13
LEA,1.313,0.105,0.0266,0.0777,0.05,2394237685.45,39.71
LEG,0.721,0.0766,0.0264,0.0433,0.07,257994055.8,10.61
LEN,1.312,0.105,0.0028,0.0876,0.07,5199079040.78,73.3
LH,0.757,0.0783,0.0264,0.0667,0.0,1083386294.95,22.36
LHX,0.771,0.079,0.0267,0.072,0.0,3129452097.68,58.01
LITE,1.336,0.1061,0.0425,0.0976,0.0,889200000.0,11.06
LNG,0.426,0.0624,0.0356,0.052,0.04,12071850177.77,361.97
LNT,0.532,0.0675,0.0285,0.0551,0.03,3694509987.0,101.07
LRCX,1.661,0.1217,0.033,0.1184,0.0,5014270894.73,49.23
LSCC,1.513,0.1146,0.016,0.1125,0.0,133263000.0,1.39
LSTR,0.862,0.0834,0.0137,0.08,0.0,298900524.53,4.8
LULU,1.167,0.098,,,0.07,3907200631.99,
LUV,1.251,0.102,0.0277,0.0692,0.0,6687607023.41,131.01
LVS,1.07,0.0934,0.0332,0.0759,0.07,9822764786.99,167.71
LW,0.482,0.0651,0.0462,0.0599,0.009,1534938406.21,37.02
LYB,0.867,0.0836,0.0302,0.0589,0.0,6153876481.6,152.39
LYFT,2.27,0.151,0.0418,0.1344,0.0,671553615.07,5.68
M,1.806,0.1287,0.03,0.062,0.0,2078960681.52,47.69
MMM,1.104,0.095,0.0211,0.0815,0.0,3015499481.22,47.29
MO,0.623,0.0719,0.0335,0.064,0.06,10187321608.51,221.53
MORN,0.961,0.0881,0.0129,0.0846,0.0,552923671.89,8.26
MOS,1.127,0.0961,0.0348,0.0775,,,
MP,2.302,0.1525,0.0102,0.1454,,,
MS,1.32,0.1054,0.0044,0.0533,,,
MSA,0.953,0.0877,0.0133,0.0813,0.05,417245250.94,6.51
MSCI,1.291,0.104,0.0292,0.0971,0.0475,1970453825.05,24.43
MSI,0.977,0.0889,0.0277,0.0843,0.0,1315199797.16,19.73
MSM,0.866,0.0836,0.0137,0.0732,0.05,659932646.73,11.87
MTB,0.621,0.0718,0.0258,0.0669,,,
MTN,0.901,0.0852,0.0389,0.0686,0.07,1414164147.27,27.8
MTSI,1.375,0.108,0.033,0.1038,0.0,34324056.9,0.4
MUSA,0.424,0.0624,0.029,0.0545,0.0241,1548892766.6,43.14
NBIX,0.254,0.0542,0.0463,0.0539,0.08,264438172.81,7.46
NCLH,2.25,0.15,0.1316,0.1402,0.07,4527241959.85,35.69
NCNO,0.773,0.0791,0.0245,0.0782,0.0,6312285.18,0.1
NDAQ,1.008,0.0904,0.0146,0.0828,0.06,2985577097.62,45.4
NDSN,0.894,0.0849,0.0212,0.0802,0.05,739936035.45,11.76
NEE,0.616,0.0716,0.0183,0.0573,0.0,21803792446.58,563.04
NEM,0.318,0.0573,0.0343,0.0555,0.0,6866139392.62,186.28
NEU,0.468,0.0645,0.0219,0.0581,0.05,766014053.58,19.27
NFE,1.056,0.0927,0.0278,0.0377,0.04,3149310987.26,170.85
NFG,0.659,0.0736,0.0415,0.0653,,,
NFLX,1.589,0.1183,0.0393,0.116,0.08,30093491883.44,297.19
NI,0.535,0.0677,0.0271,0.0541,0.03,6761039650.46,190.39
NKE,1.276,0.1032,,,0.0,6298371428.57,
NLY,1.263,0.1026,0.0277,0.0764,,,
NNN,0.926,0.0864,0.0291,0.068,,,
NOC,0.145,0.049,0.0306,0.0463,0.05,9714140028.41,354.27
NOV,1.325,0.1056,0.0255,0.0775,0.04,1513376594.25,25.22
NRG,1.138,0.0966,0.0462,0.0855,0.03,3726158319.13,54.59
NSA,1.127,0.0961,0.0192,0.065,0.0,1180837159.29,25.29
NSC,1.297,0.1043,0.0358,0.0916,0.05,9976078420.02,133.19
NTAP,1.438,0.111,0.0196,0.0999,0.0,1235017353.58,14.92
NTNX,0.707,0.0759,0.0533,0.0746,0.0,644687000.0,11.38
NTRA,1.756,0.1263,0.0165,0.1242,0.0,-194908000.0,-1.81
NTRS,1.299,0.1044,0.0026,0.0808,,,
NU,1.059,0.0928,1.7601,0.0974,,,
NUE,1.751,0.126,0.0227,0.1104,0.05,12968329964.03,136.96
NVDA,2.145,0.145,0.0158,0.1447,0.09,61362756619.53,463.62
NVR,0.941,0.0872,0.0264,0.083,0.07,2102627722.32,31.83
NVST,1.006,0.0903,0.0293,0.0718,0.0,378800000.0,7.05
NVT,1.353,0.1069,0.0236,0.101,0.05,614150378.68,7.24
NWL,0.941,0.0872,0.0367,0.0504,0.0,1098107692.31,34.78
NWS,1.24,0.1015,0.0101,0.0835,0.0,651167930.66,9.89
NWSA,1.24,0.1015,0.0101,0.0835,0.0,651167930.66,9.89
NXST,1.029,0.0914,0.03,0.0565,0.0063,1899587953.61,50.09
NYT,1.085,0.0941,0.0097,0.0935,0.0,243542777.44,3.2
O,0.768,0.0789,0.0158,0.0642,,,
OC,1.321,0.1054,0.0319,0.0903,0.05,3503353648.61,47.64
ODFL,1.247,0.1019,0.0137,0.1016,0.0,2710134685.55,32.06
OGE,0.57,0.0694,0.0257,0.054,0.03,2392481037.32,67.57
OGN,0.565,0.0691,0.0223,0.032,0.08,2612642688.0,208.87
OHI,0.659,0.0736,0.0353,0.062,,,
OKE,0.99,0.0895,0.0422,0.0788,0.04,8014468248.97,130.61
OKTA,0.798,0.0803,0.0354,0.0753,0.0,374652173.91,6.53
OLED,1.472,0.1127,,,0.0621,366112340.12,
OLLI,0.399,0.0612,,,0.06,260169242.64,
OLN,1.533,0.1156,0.0871,0.0987,0.0,954982498.24,11.71
OMC,0.957,0.0879,0.0241,0.0675,0.0,1273173970.67,25.83
OMF,1.216,0.1004,0.0417,0.0577,,,
ON,1.449,0.1116,0.0333,0.1009,0.0567,1508109772.19,17.79
ONON,2.241,0.1496,0.0105,0.1479,0.07,121535569.65,0.9
ONTO,1.436,0.1109,,,0.09,121067262.07,
ORCL,1.431,0.1107,0.0287,0.1027,0.0272,45880526344.09,532.42
ORI,0.801,0.0804,0.0279,0.0727,,,
ORLY,0.559,0.0688,0.0195,0.0657,0.0649,5282767686.2,110.52
OSK,1.424,0.1104,0.0465,0.1048,,,
OTIS,0.943,0.0873,,,0.0,2051205002.45,
OVV,1.115,0.0955,0.0465,0.0778,,,
OXY,0.914,0.0859,0.042,0.0679,,,
OZK,0.869,0.0837,0.0527,0.078,,,
PAG,0.862,0.0834,0.0117,0.0578,0.07,2556995884.97,64.7
PANW,0.943,0.0873,0.0353,0.0857,0.0,267500000.0,3.93
PATH,1.026,0.0912,,,0.0,207839306.2,
PAYC,0.817,0.0812,0.0,0.081,0.09,925466035.51,14.43
PAYX,0.906,0.0855,0.0328,0.0846,0.09,2674261881.89,39.35
PCAR,0.917,0.086,,,0.05,5111775234.42,
PCTY,0.548,0.0683,,,0.09,516674993.2,
PEG,0.468,0.0645,0.0201,0.0508,0.03,8336951964.55,259.95
PEGA,1.104,0.095,0.0092,0.0888,0.0,359290276.32,5.04
PEN,0.402,0.0613,0.0088,0.0603,0.0,74255080.07,1.78
PENN,1.599,0.1188,0.0383,0.0525,0.0,1552242455.32,45.99
PEP,0.457,0.0639,0.0361,0.0592,0.0461,23530877969.88,575.4
PFGC,1.2,0.0996,0.0401,0.0898,0.0,1679098793.57,23.21
PH,1.369,0.1077,0.03,0.1026,0.0,3958266253.69,46.26
PHM,1.234,0.1012,0.0001,0.0908,0.07,2366433866.7,31.84
PK,1.798,0.1283,0.0416,0.067,0.04,1013502464.0,20.67
PKG,0.871,0.0838,0.0441,0.0785,0.0,1839692521.61,30.32
PLTR,2.597,0.1667,0.0429,0.1666,0.09,-1559906830.83,-10.0
PNR,1.071,0.0934,0.0101,0.0888,0.05,1212670978.55,16.85
PODD,1.348,0.1067,0.0383,0.1029,0.0,292500000.0,3.41
PR,1.312,0.105,0.0574,0.1015,,,
PRGO,0.467,0.0644,0.0267,0.0439,0.0,565000000.0,22.75
PSA,0.848,0.0827,0.0096,0.0731,0.0362,4069798780.8,73.5
PSN,0.58,0.0698,0.0175,0.0652,0.09,887416463.19,18.72
PSTG,1.072,0.0935,0.0316,0.0907,0.0,588051749.55,8.03
PVH,1.841,0.1304,0.0217,0.0728,0.0009,805670033.56,14.71
PWR,1.102,0.0949,0.0136,0.0896,0.05,3455023011.81,47.46
PYPL,1.422,0.1103,0.0228,0.1006,0.06,9035924602.09,106.89
QCOM,1.228,0.1009,0.028,0.0943,0.0,10706794311.15,139.06
QDEL,-0.034,0.0404,0.0017,0.0373,0.0,949191766.36,52.79
QGEN,0.644,0.0729,0.0219,0.0648,0.08,207200705.62,4.42
QRVO,1.355,0.107,0.0244,0.0904,0.0,509426603.59,6.98
QS,4.436,0.2549,0.0145,0.2512,0.0,-117971530.0,-0.5
QXO,2.301,0.1524,0.0162,0.1524,0.0,-5082062299.69,-37.14
R,0.985,0.0893,0.0244,0.0576,0.0,4750354009.08,121.69
RAL,,,,,,,
RARE,0.245,0.0538,0.5538,0.0616,0.08,-631949641.34,-14.51
RBA,0.74,0.0775,0.0157,0.0725,0.05,1798511263.29,32.79
RBC,1.716,0.1244,0.0184,0.1112,0.0,424061109.33,4.49
RBLX,1.637,0.1206,0.0043,0.119,0.0,-497639000.0,-4.86
RBRK,,,0.0,,0.09,-1701147504.34,
RCL,2.229,0.149,0.047,0.1276,0.07,10555362501.76,93.09
RDDT,,,,,0.08,-1560608571.5,
REG,1.058,0.0928,0.0267,0.0765,,,
REGN,0.327,0.0577,0.0168,0.0559,0.08,8046718008.08,214.25
REXR,1.116,0.0956,0.0227,0.0858,0.04,979917545.78,14.27
REYN,0.569,0.0693,0.016,0.0527,0.07,831176735.95,24.33
RF,1.022,0.0911,0.0548,0.0876,,,
RGA,0.595,0.0706,0.0285,0.0606,,,
RGEN,1.052,0.0925,0.0243,0.0887,0.0,96490000.85,1.36
RGLD,0.647,0.0731,0.0089,0.07,,,
RH,2.161,0.1457,0.0149,0.0855,0.0,508920369.25,7.49
RHI,1.005,0.0902,,,0.0,533839060.73,
RITM,1.261,0.1025,0.0131,0.0291,,,
RIVN,1.807,0.1287,0.0143,0.1171,0.0,-1023000000.0,-10.18
RJF,1.061,0.0929,0.0409,0.0887,,,
RKT,2.294,0.1521,0.0398,0.1278,,,
RL,1.543,0.1161,0.0126,0.0993,0.07,1771083657.21,21.26
RLI,0.611,0.0713,0.0304,0.07,,,
RMD,0.772,0.0791,0.0239,0.0781,0.08,2028850698.62,33.27
RNG,1.29,0.1039,0.0351,0.0793,0.09,520766126.68,8.36
RNR,0.29,0.0559,0.0321,0.0537,,,
ROIV,1.149,0.0972,0.0078,0.0941,0.08,654301971.07,8.4
ROK,1.388,0.1086,0.017,0.099,0.05,3283759635.59,39.71
ROKU,2.05,0.1404,0.0045,0.1349,0.0,-77941000.0,-0.66
ROL,0.687,0.075,0.0016,0.074,0.07,808082387.07,14.29
ROP,0.996,0.0898,0.0232,0.0817,0.09,4278920802.37,65.95
ROST,1.121,0.0958,0.0106,0.0868,0.07,4242316831.38,60.53
RPM,1.028,0.0913,0.0235,0.0804,0.05,1081062088.09,17.12
RPRX,0.543,0.0681,0.0185,0.056,,,
RRC,0.6,0.0708,0.0609,0.0682,,,
RRX,1.161,0.0977,0.0234,0.0843,0.05,1918531912.5,28.54
RS,0.881,0.0843,0.0627,0.0819,0.05,3280636841.31,50.7
RSG,0.607,0.0711,0.0253,0.0657,0.05,7204646738.48,150.99
RTX,0.672,0.0743,0.0317,0.0684,0.0195,15802394441.41,313.84
RVMD,1.159,0.0976,0.0008,0.0966,0.08,-1379152683.95,-17.11
RVTY,0.916,0.086,0.0156,0.0622,0.08,855472701.53,19.36
RYAN,0.639,0.0727,0.0372,0.0692,,,
RYN,1.031,0.0915,0.0243,0.0738,,,
SARO,,,0.0482,,,,
SBUX,1.004,0.0902,0.0157,0.0765,0.0,8417374686.09,143.64
SCCO,1.001,0.09,0.0378,0.0856,,,
SCHW,0.955,0.0878,0.0158,0.0793,,,
SF,1.109,0.0952,0.031,0.0892,,,
SFD,,,0.0298,,,,
SGI,1.261,0.1025,0.0183,0.0895,0.0,822895300.42,11.42
SHC,1.813,0.129,0.0321,0.0984,0.08,567251498.84,6.88
SJM,0.292,0.056,0.0276,0.048,0.06,1503062192.0,51.44
SMCI,1.456,0.1119,0.0165,0.1115,0.0,-3468545579.96,-36.61
SMMT,-1.06,-0.0089,0.0687,-0.0089,0.08,-492551284.51,16.46
SNA,0.743,0.0777,0.0334,0.0746,0.05,1055256527.29,18.5
SNOW,1.22,0.1006,0.0,0.1003,0.09,-1888081055.41,-22.3
SNPS,1.153,0.0973,0.004,0.0968,0.0,-1689736838.98,-21.23
SNV,1.227,0.1009,0.079,0.0975,,,
SNX,1.223,0.1007,0.0301,0.0827,0.09,1077226067.29,16.34
SO,0.358,0.0592,0.0262,0.0477,0.03,24305756114.86,842.75
SOFI,1.938,0.135,0.0194,0.1192,,,
SOLV,,,0.0,,0.0021,2011402766.69,
SON,0.674,0.0744,0.0274,0.0607,,,
SPB,0.839,0.0823,0.0361,0.0522,0.06,1794778701.85,53.39
SPGI,1.188,0.099,0.02,0.0969,0.0,5548457045.97,69.64
SPOT,1.699,0.1236,0.0177,0.1223,0.08,-1842496479.79,-17.06
SPR,1.704,0.1238,0.0494,0.0901,0.0,34601158.01,0.48
SSB,0.777,0.0793,0.1288,0.0809,,,
SSNC,1.251,0.102,0.0261,0.0848,0.0,1852364283.32,27.57
STAG,0.907,0.0855,0.0223,0.0694,0.04,678613387.01,13.17
STE,0.922,0.0863,0.0216,0.0785,,,
STLD,1.391,0.1088,0.0146,0.0951,0.05,5984226080.87,76.15
STT,1.5,0.114,0.0002,0.0797,,,
STWD,1.302,0.1045,0.047,0.0758,,,
STZ,0.669,0.0741,0.0257,0.0612,0.06,4561777987.59,105.97
SUI,0.832,0.0819,0.023,0.0669,,,
SW,1.029,0.0914,0.0269,0.0813,,,
SWK,1.152,0.0973,0.0218,0.0682,0.05,2081872800.0,41.36
SWKS,1.13,0.0962,0.0044,0.0791,0.0,857314204.9,13.99
SYF,1.481,0.1131,0.0562,0.0926,,,
SYK,0.914,0.0859,,,0.0,3170237686.14,
SYY,0.846,0.0826,0.0588,0.077,0.0,4535510721.25,76.72
T,0.622,0.0719,0.0271,0.0498,0.0,59580202179.9,1924.96
TDC,0.833,0.082,0.0359,0.0715,0.09,421247664.84,7.79
TDY,1.072,0.0935,0.0175,0.083,0.09,1084381714.78,16.37
TEAM,0.967,0.0884,0.1208,0.0888,0.0,237409000.0,3.33
TEM,,,0.0502,,0.0,-890545000.0,
TER,1.717,0.1244,0.0763,0.1239,0.0646,1359204859.29,12.43
TFSL,0.764,0.0787,0.0398,0.0605,,,
TFX,1.08,0.0938,0.0229,0.0744,0.08,1117655792.99,19.59
TGT,1.215,0.1003,0.0202,0.0798,0.0,9739170689.98,157.05
THC,1.523,0.1151,0.0466,0.0797,0.0,3042896341.46,49.15
TLN,1.594,0.1185,0.0605,0.1059,,,
TMO,0.748,0.0779,0.0121,0.0669,0.08,16724582389.63,340.33
TMUS,0.613,0.0714,0.0243,0.0581,0.0124,40437019267.22,1020.94
TPL,1.145,0.097,,,,,
TPR,1.531,0.1155,0.0164,0.1025,0.0,-4757819033.5,-55.68
TRGP,1.129,0.0962,0.0462,0.0883,0.04,7715927585.58,108.2
TSLA,2.331,0.1539,0.033,0.1529,0.0,14213335928.81,103.48
TTEK,0.917,0.086,0.0222,0.0831,0.05,346198660.2,5.25
TTWO,0.988,0.0894,0.0774,0.0893,0.0,1427441404.49,19.87
TXG,2.028,0.1393,0.0083,0.1326,0.0,-135352000.0,-1.16
TXN,1.022,0.0911,0.0179,0.0878,0.0,11519432605.91,163.91
TXRH,0.876,0.084,0.0043,0.0791,0.011,923594142.43,15.04
TXT,1.167,0.098,0.0298,0.0833,0.0296,2361641871.28,35.8
U,2.323,0.1535,0.0005,0.137,0.0,-205614522.34,-1.7
UA,1.611,0.1193,0.0253,0.0822,,,
UAA,1.611,0.1193,0.0253,0.0822,,,
UAL,1.485,0.1133,0.0316,0.0662,0.05,15272244442.66,316.58
UBER,1.426,0.1104,0.0344,0.1061,0.09,6283480708.0,69.14
UDR,0.838,0.0822,0.0263,0.0665,0.0,1105674108.74,22.91
UGI,1.07,0.0934,0.0359,0.0661,0.03,2540914879.19,52.91
UHS,1.239,0.1015,0.0145,0.0762,0.08,3812704257.43,64.66
UI,1.355,0.107,0.0222,0.1054,0.0,627256969.18,7.09
ULTA,1.121,0.0958,,,0.07,2168996161.77,
UNH,0.44,0.0631,0.0285,0.0573,0.0,29489880673.61,761.51
UNM,0.399,0.0612,0.0425,0.057,,,
UNP,1.054,0.0926,0.029,0.0803,0.0287,14779847477.94,235.26
UPS,1.097,0.0947,0.0215,0.0758,0.0,12965142166.08,224.02
URI,1.725,0.1248,0.0319,0.11,0.05,10987972856.41,116.56
USFD,1.437,0.111,0.0307,0.0923,0.06,2239901624.79,29.56
UTHR,0.57,0.0694,0.0184,0.0666,0.0,1054312222.22,21.8
UWMC,1.74,0.1255,0.1061,0.1219,,,
V,0.94,0.0871,0.0193,0.085,0.06,29856862536.29,438.6
VEEV,0.957,0.0879,,,,,
VFC,1.707,0.1239,0.0159,0.0596,0.0,255052714.86,6.2
VICI,0.709,0.076,0.0621,0.0743,0.0,3341828617.82,59.33
VIK,,,0.0645,,0.021,2276669805.22,
VIRT,0.681,0.0747,0.0482,0.0671,0.06,826313107.48,16.78
VKTX,0.666,0.074,,,,,
VLO,1.002,0.0901,0.0315,0.0744,0.0,7910333693.89,140.18
VLTO,,,0.0,,0.05,839947543.51,
VMC,0.832,0.0819,0.0261,0.0759,0.05,3427699654.74,58.68
VMI,1.13,0.0962,0.0302,0.0874,0.05,879725431.1,12.48
VNO,1.552,0.1165,0.0185,0.0637,,,
VNOM,,,0.0346,,,,
VNT,1.32,0.1054,0.0143,0.0774,0.0,581829823.15,9.77
VOYA,0.984,0.0892,0.0509,0.0763,,,
VRSK,0.833,0.082,0.028,0.0772,0.0,1866077331.92,31.46
VRSN,0.777,0.0793,0.0368,0.0765,0.09,2001738871.33,33.72
VRT,1.776,0.1272,0.0229,0.1214,0.05,1212742348.47,11.41
VRTX,0.444,0.0633,0.0502,0.0632,0.08,6623061811.2,146.39
VST,1.313,0.105,0.0326,0.095,0.03,11086808772.36,141.81
VSTS,,,0.0009,,0.05,713385616.18,
VTR,0.893,0.0849,0.0284,0.069,0.04,2483172150.78,48.58
VTRS,0.897,0.0851,0.0215,0.0422,0.08,6423271488.0,277.14
VVV,1.17,0.0982,0.0391,0.0819,0.07,1568546482.67,24.17
VZ,0.362,0.0594,0.0155,0.0377,0.0,66127763305.63,3594.64
W,2.927,0.1825,0.0062,0.1293,0.07,540243963.0,4.69
WAB,1.108,0.0952,0.0345,0.0885,0.05,1773007776.86,24.75
WAL,1.323,0.1055,0.047,0.0953,,,
WAT,1.046,0.0922,0.0222,0.0861,0.0458,1288220638.56,18.65
WBA,0.768,0.0789,0.0214,0.035,0.0,1837000000.0,117.81
WBD,1.576,0.1176,0.0339,0.088,0.0,22567000000.0,320.16
WBS,1.022,0.0911,0.0575,0.0892,,,
WCC,1.843,0.1305,0.0413,0.1002,0.05,1920511779.91,22.88
WDAY,1.238,0.1014,0.0064,0.0981,0.0,896401253.92,11.08
WDC,1.642,0.1208,0.0295,0.098,0.0,1744000000.0,21.58
WEC,0.406,0.0615,0.0239,0.05,0.03,6159030168.57,197.17
WELL,0.915,0.0859,0.0264,0.079,0.04,989658237.73,16.07
WEN,0.312,0.057,0.0224,0.034,0.0,646633049.08,44.43
WEX,1.278,0.1033,0.0247,0.0773,0.0414,1366732685.32,22.85
WFC,1.196,0.0994,0.0178,0.0659,,,
WFRD,1.834,0.13,0.0785,0.1096,0.04,1252092359.19,13.37
WH,1.0,0.09,0.0356,0.0766,0.0,471211956.52,8.03
WHR,1.135,0.0965,0.0229,0.0551,0.002,3011400521.05,82.61
WING,1.808,0.1288,0.0251,0.1235,0.0,-41855931.88,-0.39
WLK,0.917,0.086,0.0246,0.064,0.0,2612313432.84,57.21
WM,0.644,0.0729,0.0215,0.0665,0.05,10486373513.41,215.97
WMB,0.686,0.0749,0.0393,0.066,0.04,9959928596.06,207.61
WMS,1.268,0.1029,0.0276,0.0964,0.05,964561893.56,12.06
WMT,0.664,0.0739,0.0275,0.0709,0.06,72448754599.98,1360.93
WOLF,1.246,0.1018,0.0427,0.0554,0.0,2733200000.0,74.36
WPC,0.795,0.0802,0.0229,0.0619,,,
WRB,0.397,0.0611,0.0356,0.0583,,,
WSC,1.198,0.0995,0.0317,0.0727,0.0,1168858197.33,21.38
WSM,1.473,0.1127,0.01,0.1076,0.07,1876026600.11,20.37
WSO,0.947,0.0875,0.0026,0.0857,0.0,249803019.03,3.67
WST,1.049,0.0924,0.0199,0.0911,0.08,1627180747.98,21.77
WTFC,0.838,0.0822,0.0492,0.0748,,,
WTM,0.366,0.0596,0.0385,0.0578,,,
WTRG,0.762,0.0786,0.0272,0.0603,0.03,2884554509.15,68.72
WTW,0.679,0.0746,0.0304,0.0681,0.0,-1003000000.0,-20.1
WU,0.636,0.0725,0.026,0.0468,0.0,-13400000.0,-0.48
WWD,1.295,0.1042,0.0361,0.1009,0.05,690510170.17,8.15
WY,1.088,0.0942,0.0483,0.0842,,,
WYNN,1.407,0.1095,0.0397,0.0731,0.07,3785229990.62,68.06
XRAY,0.955,0.0878,0.021,0.0564,0.08,1389182400.0,36.48
